{"type":"FeatureCollection","name":"Municipios de Morelos","fuente":"OpenStreetMap (ODbL 1.0), via Overpass API, agosto 2026","features":[{"type":"Feature","properties":{"municipio":"Amacuzac","cve_geo":17001},"geometry":{"type":"Polygon","coordinates":[[[-99.37922,18.52053],[-99.38388,18.52115],[-99.3853,18.52628],[-99.39027,18.52568],[-99.39923,18.54041],[-99.40081,18.53954],[-99.40072,18.5429],[-99.4069,18.55313],[-99.40583,18.55358],[-99.4078,18.55607],[-99.41339,18.55884],[-99.41446,18.55833],[-99.41535,18.55968],[-99.42288,18.56207],[-99.42529,18.57913],[-99.42022,18.58623],[-99.4197,18.59034],[-99.42194,18.58891],[-99.4234,18.59128],[-99.42596,18.59075],[-99.42938,18.58892],[-99.43174,18.59117],[-99.43564,18.59276],[-99.43518,18.59807],[-99.43828,18.59713],[-99.44049,18.59746],[-99.44272,18.60316],[-99.44131,18.6054],[-99.43995,18.61098],[-99.4412,18.61257],[-99.4461,18.61449],[-99.44831,18.61349],[-99.44927,18.61188],[-99.45146,18.61234],[-99.45189,18.61109],[-99.45259,18.6118],[-99.45389,18.6099],[-99.4555,18.614],[-99.4551,18.61831],[-99.45867,18.63204],[-99.45893,18.63383],[-99.4581,18.63406],[-99.46021,18.63818],[-99.46442,18.64367],[-99.46436,18.64464],[-99.45901,18.65161],[-99.45833,18.65157],[-99.45829,18.64957],[-99.45669,18.64775],[-99.45113,18.64755],[-99.45146,18.6467],[-99.45278,18.6463],[-99.45274,18.64091],[-99.4486,18.64005],[-99.44867,18.63759],[-99.44552,18.63566],[-99.44432,18.63289],[-99.43865,18.63586],[-99.43749,18.6375],[-99.43631,18.63773],[-99.4352,18.64074],[-99.43394,18.64112],[-99.43204,18.63901],[-99.43004,18.64193],[-99.42686,18.64196],[-99.42841,18.63983],[-99.42782,18.63779],[-99.42933,18.63675],[-99.42906,18.63463],[-99.42723,18.63458],[-99.42677,18.63281],[-99.4288,18.63082],[-99.42554,18.62785],[-99.42359,18.62819],[-99.42434,18.63065],[-99.42364,18.63226],[-99.42132,18.62975],[-99.42042,18.62754],[-99.4185,18.62846],[-99.41708,18.6317],[-99.4194,18.63412],[-99.4202,18.63349],[-99.42093,18.63446],[-99.42241,18.63493],[-99.41828,18.64386],[-99.41792,18.64651],[-99.41515,18.65001],[-99.41406,18.65028],[-99.41275,18.65177],[-99.41078,18.65486],[-99.39921,18.6485],[-99.39509,18.6496],[-99.38466,18.63851],[-99.38392,18.63626],[-99.38465,18.63537],[-99.38466,18.63103],[-99.38565,18.62817],[-99.37886,18.62758],[-99.35551,18.61608],[-99.35467,18.61805],[-99.35591,18.61857],[-99.3553,18.61957],[-99.3568,18.62027],[-99.35423,18.61966],[-99.35431,18.621],[-99.35242,18.6227],[-99.35381,18.62413],[-99.3534,18.6257],[-99.35248,18.62758],[-99.35095,18.62763],[-99.35154,18.62868],[-99.35285,18.62921],[-99.35204,18.6371],[-99.35395,18.63962],[-99.3503,18.63917],[-99.34927,18.63961],[-99.34871,18.6421],[-99.34725,18.64012],[-99.34593,18.64082],[-99.34405,18.63934],[-99.34388,18.63848],[-99.34498,18.63866],[-99.34609,18.63648],[-99.3442,18.63567],[-99.34462,18.63748],[-99.34386,18.63766],[-99.34215,18.63614],[-99.3432,18.63562],[-99.34294,18.63472],[-99.34117,18.6356],[-99.341,18.63487],[-99.33782,18.63368],[-99.33992,18.63382],[-99.33881,18.63217],[-99.34014,18.63157],[-99.33865,18.62956],[-99.33697,18.6308],[-99.33642,18.63046],[-99.33685,18.62958],[-99.33766,18.62947],[-99.33691,18.62588],[-99.33617,18.62484],[-99.3348,18.62561],[-99.33428,18.62433],[-99.33684,18.62261],[-99.33609,18.622],[-99.33377,18.62243],[-99.3336,18.62191],[-99.33442,18.62036],[-99.33395,18.62012],[-99.33458,18.61859],[-99.33612,18.60212],[-99.33745,18.59521],[-99.33401,18.59021],[-99.33351,18.58723],[-99.32876,18.58671],[-99.32735,18.58543],[-99.32702,18.58399],[-99.32752,18.58273],[-99.3305,18.58079],[-99.32849,18.57476],[-99.32762,18.56577],[-99.35552,18.56692],[-99.36235,18.56285],[-99.35855,18.55346],[-99.33851,18.56003],[-99.34475,18.52191],[-99.38014,18.52273],[-99.37922,18.52053]]]}},{"type":"Feature","properties":{"municipio":"Atlatlahucan","cve_geo":17002},"geometry":{"type":"Polygon","coordinates":[[[-98.84072,18.95567],[-98.84517,18.95514],[-98.85046,18.9591],[-98.8549,18.96104],[-98.85648,18.96326],[-98.85948,18.96478],[-98.85904,18.96539],[-98.8601,18.96596],[-98.85897,18.96689],[-98.86005,18.96733],[-98.86,18.96817],[-98.85794,18.9704],[-98.85733,18.97459],[-98.86716,18.98764],[-98.87001,18.99051],[-98.86858,18.99434],[-98.8684,18.9999],[-98.88166,18.99989],[-98.88196,18.99708],[-98.88371,18.99435],[-98.88798,18.97647],[-98.8921,18.97143],[-98.89665,18.97281],[-98.89955,18.96954],[-98.89953,18.96558],[-98.89831,18.96054],[-98.90005,18.9581],[-98.90081,18.95762],[-98.90701,18.95892],[-98.911,18.9525],[-98.91242,18.95289],[-98.9139,18.95449],[-98.91647,18.95515],[-98.91846,18.95367],[-98.92176,18.95536],[-98.92199,18.95225],[-98.92325,18.94962],[-98.92409,18.94907],[-98.924,18.95089],[-98.9252,18.95251],[-98.92807,18.95278],[-98.92823,18.95025],[-98.92916,18.94932],[-98.92934,18.94801],[-98.9313,18.94595],[-98.93197,18.94606],[-98.93431,18.9412],[-98.93637,18.94022],[-98.93832,18.94039],[-98.94039,18.93825],[-98.94073,18.93886],[-98.94157,18.93833],[-98.94349,18.93441],[-98.94578,18.93277],[-98.9467,18.93029],[-98.94824,18.92914],[-98.94946,18.9297],[-98.95112,18.92748],[-98.95286,18.92764],[-98.95159,18.92541],[-98.9522,18.92441],[-98.95209,18.92228],[-98.95082,18.91733],[-98.95515,18.90512],[-98.95219,18.90274],[-98.94632,18.90249],[-98.94403,18.90468],[-98.94286,18.90485],[-98.94163,18.90379],[-98.93849,18.90282],[-98.93588,18.89874],[-98.93299,18.89726],[-98.93542,18.89489],[-98.93981,18.89272],[-98.94191,18.89236],[-98.94232,18.89073],[-98.93292,18.8858],[-98.92843,18.88202],[-98.92537,18.88425],[-98.92268,18.88423],[-98.91852,18.8878],[-98.91726,18.88659],[-98.91532,18.88872],[-98.91348,18.88839],[-98.9051,18.89101],[-98.90452,18.8927],[-98.90014,18.89851],[-98.89131,18.90724],[-98.88702,18.90486],[-98.88467,18.90652],[-98.88303,18.90654],[-98.88125,18.90753],[-98.8734,18.90689],[-98.86057,18.91345],[-98.86105,18.91191],[-98.86061,18.9092],[-98.8571,18.91314],[-98.85622,18.9154],[-98.8565,18.91675],[-98.85042,18.91875],[-98.85029,18.92135],[-98.84714,18.9264],[-98.84511,18.93222],[-98.83988,18.93545],[-98.8395,18.94],[-98.83787,18.94385],[-98.83743,18.94747],[-98.83589,18.95015],[-98.84072,18.95567]]]}},{"type":"Feature","properties":{"municipio":"Axochiapan","cve_geo":17003},"geometry":{"type":"Polygon","coordinates":[[[-98.71255,18.58542],[-98.71421,18.58137],[-98.71438,18.57793],[-98.7138,18.57653],[-98.71196,18.57546],[-98.71172,18.57368],[-98.71295,18.57283],[-98.71584,18.57425],[-98.71677,18.57311],[-98.71461,18.57143],[-98.71581,18.56848],[-98.71182,18.56999],[-98.71254,18.56855],[-98.71436,18.5677],[-98.71325,18.56625],[-98.71377,18.56542],[-98.71595,18.56624],[-98.71667,18.56592],[-98.71564,18.5629],[-98.71474,18.56204],[-98.71448,18.55972],[-98.71008,18.55944],[-98.70971,18.55827],[-98.71178,18.55857],[-98.71229,18.55733],[-98.70529,18.55178],[-98.70535,18.55068],[-98.7075,18.54738],[-98.70689,18.54378],[-98.706,18.54193],[-98.70315,18.53979],[-98.70275,18.53879],[-98.70372,18.53401],[-98.70333,18.53252],[-98.70571,18.53227],[-98.70648,18.53132],[-98.70699,18.52447],[-98.70931,18.52496],[-98.7109,18.52081],[-98.71295,18.52102],[-98.71323,18.51936],[-98.71164,18.51564],[-98.70935,18.51357],[-98.70367,18.51349],[-98.70194,18.51219],[-98.70268,18.51105],[-98.7049,18.5126],[-98.70667,18.51137],[-98.7061,18.50807],[-98.70431,18.50408],[-98.70583,18.50276],[-98.70661,18.50019],[-98.70814,18.49869],[-98.70781,18.49722],[-98.70651,18.49703],[-98.70819,18.49512],[-98.70733,18.49285],[-98.70668,18.49286],[-98.70342,18.49472],[-98.70119,18.49706],[-98.69897,18.49498],[-98.69909,18.49108],[-98.70026,18.48851],[-98.70294,18.48603],[-98.70188,18.48394],[-98.70329,18.482],[-98.70246,18.47993],[-98.70386,18.47852],[-98.70707,18.47913],[-98.70767,18.47874],[-98.70772,18.47743],[-98.70535,18.47569],[-98.70587,18.47419],[-98.70756,18.47274],[-98.70586,18.47179],[-98.70446,18.47183],[-98.70477,18.47115],[-98.70641,18.47061],[-98.70727,18.46892],[-98.70861,18.46994],[-98.70979,18.4694],[-98.71042,18.46807],[-98.70991,18.46489],[-98.70803,18.46513],[-98.7064,18.46472],[-98.70604,18.46394],[-98.70665,18.46354],[-98.70957,18.46402],[-98.71025,18.46301],[-98.70813,18.45814],[-98.71028,18.45742],[-98.70915,18.45645],[-98.70672,18.4567],[-98.70587,18.4559],[-98.7068,18.45478],[-98.70885,18.45423],[-98.71162,18.45216],[-98.70819,18.44892],[-98.7067,18.44832],[-98.70713,18.44702],[-98.7067,18.44511],[-98.70798,18.44569],[-98.71342,18.4456],[-98.72531,18.44129],[-98.72695,18.43953],[-98.73005,18.44046],[-98.73462,18.44397],[-98.73528,18.44737],[-98.73711,18.45032],[-98.73692,18.45295],[-98.73785,18.45342],[-98.73808,18.45574],[-98.73962,18.45505],[-98.74496,18.45458],[-98.74544,18.45284],[-98.74759,18.45143],[-98.74845,18.45178],[-98.74923,18.45359],[-98.75219,18.45392],[-98.75349,18.45721],[-98.75536,18.45704],[-98.75602,18.45779],[-98.75402,18.46195],[-98.75492,18.46282],[-98.75624,18.46211],[-98.75775,18.46291],[-98.7575,18.46559],[-98.75836,18.46608],[-98.75891,18.46809],[-98.75827,18.47248],[-98.76071,18.47221],[-98.76126,18.47371],[-98.761,18.47545],[-98.76321,18.47643],[-98.76508,18.47604],[-98.76727,18.47693],[-98.76888,18.47687],[-98.76961,18.47753],[-98.77161,18.47743],[-98.77377,18.48025],[-98.7742,18.48205],[-98.7764,18.4819],[-98.77921,18.48039],[-98.78114,18.48104],[-98.78677,18.48463],[-98.78697,18.48509],[-98.78336,18.4878],[-98.78632,18.48932],[-98.78714,18.49062],[-98.78685,18.49249],[-98.7879,18.49258],[-98.78948,18.49111],[-98.79341,18.49445],[-98.79346,18.49721],[-98.79783,18.49748],[-98.79895,18.49809],[-98.79983,18.50276],[-98.80382,18.50243],[-98.80376,18.50348],[-98.80234,18.50408],[-98.80271,18.50533],[-98.80545,18.50724],[-98.80677,18.50747],[-98.80747,18.51046],[-98.8105,18.51203],[-98.80866,18.51389],[-98.80938,18.51589],[-98.81129,18.51533],[-98.81051,18.5192],[-98.80779,18.5206],[-98.81201,18.52622],[-98.81379,18.52718],[-98.81381,18.52987],[-98.81306,18.52997],[-98.81289,18.53101],[-98.81505,18.53189],[-98.8151,18.53342],[-98.8158,18.53391],[-98.81428,18.53501],[-98.81539,18.53749],[-98.81477,18.53973],[-98.81335,18.54059],[-98.81115,18.54402],[-98.81019,18.54447],[-98.81117,18.54724],[-98.81078,18.54839],[-98.81142,18.54927],[-98.8122,18.55438],[-98.8133,18.555],[-98.81381,18.55671],[-98.8134,18.55786],[-98.81535,18.56007],[-98.81571,18.56199],[-98.81466,18.56342],[-98.81652,18.5652],[-98.81924,18.57098],[-98.8154,18.56954],[-98.81138,18.56946],[-98.7975,18.56573],[-98.79842,18.56908],[-98.79864,18.57974],[-98.75945,18.58285],[-98.76045,18.58636],[-98.75237,18.58597],[-98.74504,18.58875],[-98.74191,18.5883],[-98.73493,18.58903],[-98.73419,18.59261],[-98.73542,18.59457],[-98.73558,18.59756],[-98.73505,18.60098],[-98.7335,18.60263],[-98.73398,18.60381],[-98.73577,18.6052],[-98.73536,18.60639],[-98.73541,18.60518],[-98.73472,18.60492],[-98.72656,18.60483],[-98.72656,18.60618],[-98.72493,18.60604],[-98.72621,18.60942],[-98.7218,18.6041],[-98.71927,18.60498],[-98.71799,18.60359],[-98.71789,18.60249],[-98.71894,18.60203],[-98.71988,18.60023],[-98.71726,18.59902],[-98.71752,18.59554],[-98.71568,18.59496],[-98.71257,18.58796],[-98.71255,18.58542]]]}},{"type":"Feature","properties":{"municipio":"Ayala","cve_geo":17004},"geometry":{"type":"Polygon","coordinates":[[[-98.83759,18.75229],[-98.8358,18.76282],[-98.83618,18.76442],[-98.83717,18.76387],[-98.83823,18.76426],[-98.84085,18.76261],[-98.84289,18.76234],[-98.84517,18.76316],[-98.84812,18.76258],[-98.85053,18.76352],[-98.85465,18.76231],[-98.85743,18.76305],[-98.85871,18.76458],[-98.86363,18.76313],[-98.86541,18.76427],[-98.86641,18.76412],[-98.86666,18.76492],[-98.86489,18.76579],[-98.86451,18.76535],[-98.86108,18.76604],[-98.85894,18.76768],[-98.85803,18.77026],[-98.85453,18.77037],[-98.85423,18.77103],[-98.8577,18.77527],[-98.86229,18.7783],[-98.86162,18.77864],[-98.86189,18.77985],[-98.86605,18.78268],[-98.86724,18.78104],[-98.87583,18.78623],[-98.87727,18.78324],[-98.87946,18.78121],[-98.88494,18.78576],[-98.88538,18.78745],[-98.88343,18.78839],[-98.88394,18.78963],[-98.88226,18.7907],[-98.8881,18.79585],[-98.88975,18.79572],[-98.88999,18.79513],[-98.89201,18.79489],[-98.89184,18.79373],[-98.89253,18.79326],[-98.89296,18.79367],[-98.89357,18.79171],[-98.89536,18.79071],[-98.89519,18.78993],[-98.89803,18.78622],[-98.89816,18.784],[-98.8988,18.78356],[-98.89931,18.78476],[-98.90014,18.78453],[-98.8994,18.7831],[-98.90179,18.78152],[-98.9008,18.78017],[-98.90207,18.78081],[-98.90279,18.78041],[-98.90179,18.77941],[-98.9035,18.77777],[-98.90402,18.7781],[-98.90536,18.77647],[-98.90628,18.77677],[-98.90936,18.77307],[-98.91014,18.77326],[-98.91006,18.77195],[-98.91223,18.77042],[-98.91211,18.76966],[-98.91283,18.76923],[-98.91417,18.76428],[-98.91608,18.76316],[-98.91577,18.76202],[-98.91754,18.76051],[-98.92048,18.75587],[-98.92183,18.75522],[-98.92185,18.7516],[-98.92081,18.74996],[-98.92041,18.74742],[-98.9226,18.7422],[-98.92497,18.7393],[-98.93923,18.75079],[-98.93958,18.75186],[-98.95145,18.75537],[-98.95072,18.75716],[-98.95309,18.75708],[-98.95562,18.75922],[-98.95678,18.75846],[-98.95776,18.75905],[-98.95751,18.76136],[-98.95554,18.76219],[-98.95535,18.76441],[-98.95444,18.76484],[-98.95414,18.76623],[-98.95252,18.76669],[-98.95211,18.76795],[-98.93949,18.77322],[-98.93693,18.77298],[-98.9367,18.77359],[-98.93655,18.78332],[-98.93718,18.78511],[-98.93879,18.78607],[-98.94069,18.7844],[-98.94242,18.78784],[-98.94433,18.78929],[-98.94984,18.79126],[-98.95408,18.79568],[-98.95345,18.7987],[-98.95465,18.80001],[-98.95542,18.80247],[-98.96069,18.79839],[-98.96623,18.79656],[-98.96704,18.7966],[-98.96523,18.80203],[-98.96645,18.80085],[-98.96689,18.80137],[-98.97728,18.79911],[-98.98402,18.80045],[-98.98932,18.80057],[-98.98876,18.80239],[-98.98923,18.80284],[-98.98981,18.8025],[-98.99003,18.80351],[-99.00319,18.80599],[-99.01729,18.81251],[-99.02255,18.81609],[-99.04843,18.83093],[-99.04883,18.82433],[-99.05006,18.82106],[-99.04885,18.81485],[-99.04978,18.81048],[-99.04898,18.81039],[-99.04909,18.8095],[-99.04743,18.80702],[-99.04693,18.80475],[-99.04973,18.80117],[-99.04904,18.7994],[-99.05007,18.79942],[-99.05096,18.79766],[-99.05064,18.79716],[-99.0514,18.79756],[-99.05394,18.79575],[-99.05607,18.79556],[-99.05888,18.79658],[-99.06773,18.78135],[-99.07242,18.7777],[-99.07294,18.77636],[-99.07421,18.77547],[-99.07804,18.77416],[-99.08346,18.77125],[-99.07762,18.75912],[-99.07696,18.75447],[-99.07807,18.75179],[-99.07794,18.74957],[-99.07513,18.72417],[-99.06678,18.71121],[-99.09259,18.70592],[-99.09142,18.69185],[-99.08683,18.6838],[-99.0856,18.6835],[-99.08382,18.68434],[-99.08331,18.68382],[-99.08211,18.68424],[-99.08244,18.68316],[-99.08465,18.68124],[-99.08245,18.68081],[-99.08394,18.6796],[-99.08424,18.67834],[-99.08625,18.67757],[-99.08569,18.67669],[-99.08656,18.67474],[-99.08722,18.66976],[-99.09351,18.67183],[-99.09462,18.67071],[-99.09383,18.66979],[-99.09465,18.66878],[-99.09456,18.66814],[-99.09175,18.66665],[-99.09268,18.66611],[-99.0937,18.66407],[-99.09191,18.66334],[-99.09228,18.6621],[-99.09095,18.66104],[-99.08239,18.66349],[-99.07983,18.66313],[-99.06187,18.66626],[-99.06117,18.67567],[-99.06064,18.67526],[-99.05649,18.67655],[-99.05368,18.67363],[-99.05207,18.6738],[-99.05084,18.6731],[-99.05185,18.66783],[-99.04745,18.66712],[-99.04595,18.66847],[-99.04422,18.66599],[-99.04194,18.6651],[-99.04107,18.66597],[-99.03611,18.66575],[-99.03188,18.67476],[-99.03196,18.67627],[-99.01663,18.66786],[-99.0045,18.66498],[-98.99796,18.66548],[-98.99772,18.66316],[-98.99868,18.65883],[-99.0007,18.65609],[-99.00103,18.6516],[-99.00236,18.6517],[-99.00267,18.6496],[-99.0,18.64887],[-98.99975,18.64673],[-98.99853,18.64651],[-98.99851,18.647],[-98.99586,18.64562],[-98.99611,18.64316],[-98.99841,18.64283],[-98.99872,18.64392],[-98.99986,18.64463],[-99.00113,18.64092],[-99.00063,18.63823],[-99.00971,18.63596],[-99.00996,18.63493],[-99.00861,18.63292],[-99.00907,18.6321],[-99.01034,18.63241],[-99.01399,18.63517],[-99.01524,18.63521],[-99.01678,18.63258],[-99.0106,18.63214],[-99.01051,18.63011],[-99.01139,18.62943],[-99.01277,18.62875],[-99.01426,18.62888],[-99.01426,18.62934],[-99.01648,18.62947],[-99.02042,18.63127],[-99.02218,18.6282],[-99.02239,18.62571],[-99.02008,18.62391],[-99.02127,18.62273],[-99.02343,18.62322],[-99.0275,18.62058],[-99.0275,18.6179],[-99.02634,18.61865],[-99.02538,18.618],[-99.02536,18.61726],[-99.0261,18.61575],[-99.02811,18.61415],[-99.02947,18.60933],[-99.03199,18.61035],[-99.03327,18.60994],[-99.03599,18.61141],[-99.0365,18.61086],[-99.03525,18.60635],[-99.03278,18.6073],[-99.03249,18.60671],[-99.03266,18.60596],[-99.03197,18.60544],[-99.03255,18.60542],[-99.03195,18.60073],[-99.03261,18.60029],[-99.03385,18.6013],[-99.0349,18.60326],[-99.03878,18.60224],[-99.04087,18.60084],[-99.03921,18.59952],[-99.03826,18.60075],[-99.0362,18.59982],[-99.0365,18.59842],[-99.03956,18.59468],[-99.03875,18.59271],[-99.03968,18.59126],[-99.03857,18.58927],[-99.03715,18.5884],[-99.03519,18.58858],[-99.03378,18.58748],[-99.0346,18.58747],[-99.03605,18.5857],[-99.03681,18.58563],[-99.03964,18.58686],[-99.04107,18.58875],[-99.04337,18.58869],[-99.04445,18.5872],[-99.04452,18.58461],[-99.0417,18.58518],[-99.03959,18.58093],[-99.04027,18.57904],[-99.04135,18.57837],[-99.0448,18.57921],[-99.04527,18.57881],[-99.03654,18.56417],[-99.03499,18.56678],[-99.02612,18.57303],[-99.02104,18.57582],[-99.01699,18.57726],[-99.01346,18.58852],[-99.00642,18.59206],[-98.98436,18.59109],[-98.9721,18.59591],[-98.97259,18.6029],[-98.9722,18.61594],[-98.97614,18.62458],[-98.97987,18.62828],[-98.97522,18.63448],[-98.97381,18.63543],[-98.97431,18.63632],[-98.97273,18.63735],[-98.97275,18.63854],[-98.97178,18.63908],[-98.97131,18.63868],[-98.97226,18.64061],[-98.96884,18.64066],[-98.96702,18.6422],[-98.96762,18.64348],[-98.96496,18.64402],[-98.96471,18.64626],[-98.9628,18.64592],[-98.96256,18.64681],[-98.96104,18.64759],[-98.96164,18.64843],[-98.95973,18.64809],[-98.9604,18.64865],[-98.96024,18.64965],[-98.95916,18.65004],[-98.9585,18.65468],[-98.95921,18.65595],[-98.96059,18.65689],[-98.96193,18.6592],[-98.96436,18.65729],[-98.96558,18.65705],[-98.96634,18.6553],[-98.96813,18.65566],[-98.96759,18.66045],[-98.96356,18.6615],[-98.95732,18.66105],[-98.95593,18.66171],[-98.95432,18.66422],[-98.95475,18.66553],[-98.95431,18.66607],[-98.95045,18.66617],[-98.94974,18.63149],[-98.95247,18.63089],[-98.95426,18.6261],[-98.93223,18.62034],[-98.92458,18.62008],[-98.93704,18.64944],[-98.94274,18.66003],[-98.93702,18.67056],[-98.93728,18.67109],[-98.93416,18.67265],[-98.93085,18.67305],[-98.93123,18.67558],[-98.92912,18.67597],[-98.92876,18.67687],[-98.92739,18.67545],[-98.92377,18.67403],[-98.91952,18.67608],[-98.91879,18.67557],[-98.91332,18.67712],[-98.91326,18.67872],[-98.91234,18.67907],[-98.90949,18.67808],[-98.90667,18.67792],[-98.90235,18.67607],[-98.9009,18.67623],[-98.89865,18.67493],[-98.89021,18.67528],[-98.89063,18.67552],[-98.89024,18.67585],[-98.8895,18.67509],[-98.88839,18.67577],[-98.88755,18.67515],[-98.88617,18.67558],[-98.88515,18.6751],[-98.88439,18.67587],[-98.88298,18.6742],[-98.88062,18.67449],[-98.8796,18.67358],[-98.87809,18.67346],[-98.87732,18.67413],[-98.87609,18.67207],[-98.87712,18.6824],[-98.87669,18.68339],[-98.87539,18.68498],[-98.8704,18.6847],[-98.86605,18.68835],[-98.86689,18.69425],[-98.87075,18.70234],[-98.87637,18.70583],[-98.87049,18.72718],[-98.85464,18.72166],[-98.85248,18.72306],[-98.8449,18.73532],[-98.84367,18.73685],[-98.84148,18.73605],[-98.83685,18.74321],[-98.8399,18.74515],[-98.83759,18.75229]]]}},{"type":"Feature","properties":{"municipio":"Coatlán del Río","cve_geo":17005},"geometry":{"type":"Polygon","coordinates":[[[-99.46619,18.75377],[-99.46699,18.75269],[-99.46747,18.75288],[-99.46724,18.75189],[-99.46778,18.75121],[-99.46855,18.7515],[-99.47113,18.74718],[-99.4842,18.73256],[-99.48515,18.73164],[-99.48826,18.73113],[-99.48783,18.72807],[-99.49441,18.72055],[-99.48454,18.69944],[-99.48426,18.69846],[-99.48521,18.69735],[-99.48556,18.69503],[-99.48349,18.69503],[-99.48317,18.69361],[-99.48251,18.69371],[-99.48145,18.69491],[-99.48124,18.69624],[-99.48017,18.69481],[-99.4813,18.69439],[-99.48096,18.69323],[-99.48291,18.69265],[-99.47758,18.67356],[-99.47544,18.67084],[-99.47382,18.66393],[-99.46442,18.64367],[-99.46436,18.64464],[-99.45901,18.65161],[-99.45833,18.65157],[-99.45829,18.64957],[-99.45669,18.64775],[-99.45113,18.64755],[-99.45146,18.6467],[-99.45278,18.6463],[-99.4531,18.64327],[-99.45,18.64511],[-99.4453,18.64616],[-99.44356,18.64727],[-99.44326,18.64822],[-99.44157,18.64876],[-99.43795,18.64809],[-99.43759,18.64907],[-99.44088,18.65102],[-99.44353,18.65474],[-99.44572,18.65513],[-99.4458,18.65432],[-99.44664,18.65431],[-99.4477,18.65583],[-99.44691,18.65774],[-99.44845,18.65976],[-99.4357,18.6753],[-99.44201,18.68392],[-99.46297,18.69217],[-99.46818,18.69594],[-99.45829,18.70663],[-99.44804,18.70475],[-99.44756,18.7053],[-99.44791,18.70666],[-99.44688,18.70581],[-99.44427,18.70576],[-99.444,18.70454],[-99.44731,18.70436],[-99.43916,18.70071],[-99.43223,18.7155],[-99.42383,18.72988],[-99.42504,18.73019],[-99.42455,18.73092],[-99.42342,18.73094],[-99.42283,18.73197],[-99.42316,18.73282],[-99.42091,18.73509],[-99.41957,18.73553],[-99.41824,18.73848],[-99.41487,18.74141],[-99.41341,18.74511],[-99.40345,18.74826],[-99.40089,18.74668],[-99.40053,18.74429],[-99.39938,18.74427],[-99.3977,18.74216],[-99.39354,18.7391],[-99.39201,18.73991],[-99.38387,18.73956],[-99.38063,18.74145],[-99.37857,18.74353],[-99.38394,18.7481],[-99.38563,18.74843],[-99.38955,18.75131],[-99.39077,18.75142],[-99.39059,18.75223],[-99.39359,18.75495],[-99.39941,18.75811],[-99.40001,18.75931],[-99.39968,18.76175],[-99.40016,18.76345],[-99.40419,18.76884],[-99.42058,18.80154],[-99.42157,18.80619],[-99.42435,18.80788],[-99.4267,18.82469],[-99.45097,18.77252],[-99.45588,18.77171],[-99.4557,18.76984],[-99.459,18.76997],[-99.46332,18.76719],[-99.46483,18.76169],[-99.46558,18.76194],[-99.4662,18.76098],[-99.46553,18.75909],[-99.46497,18.76014],[-99.46619,18.75377]]]}},{"type":"Feature","properties":{"municipio":"Cuautla","cve_geo":17006},"geometry":{"type":"Polygon","coordinates":[[[-99.00506,18.87078],[-98.99147,18.86682],[-98.98832,18.86642],[-98.98805,18.86733],[-98.98197,18.87125],[-98.97154,18.88232],[-98.97085,18.88188],[-98.97011,18.8825],[-98.96821,18.88224],[-98.96664,18.88077],[-98.96784,18.8806],[-98.95861,18.88166],[-98.9586,18.88219],[-98.95625,18.88248],[-98.95533,18.88541],[-98.95366,18.88504],[-98.95336,18.88592],[-98.95089,18.88593],[-98.94818,18.88803],[-98.94738,18.88793],[-98.94694,18.88884],[-98.94421,18.88908],[-98.94381,18.89018],[-98.94232,18.89073],[-98.93292,18.8858],[-98.92843,18.88202],[-98.9285,18.88145],[-98.92676,18.88169],[-98.92393,18.88332],[-98.9202,18.88016],[-98.92061,18.87955],[-98.9119,18.87323],[-98.91244,18.87218],[-98.91501,18.87102],[-98.91492,18.86913],[-98.91727,18.86713],[-98.91738,18.86601],[-98.91864,18.86559],[-98.92152,18.86296],[-98.92283,18.86075],[-98.9236,18.8612],[-98.92521,18.86063],[-98.92542,18.85836],[-98.92889,18.86013],[-98.92841,18.85883],[-98.92913,18.85679],[-98.92686,18.85447],[-98.92798,18.85225],[-98.92429,18.84999],[-98.92489,18.84694],[-98.92428,18.84644],[-98.92436,18.84528],[-98.92543,18.84312],[-98.92537,18.84057],[-98.92443,18.83912],[-98.92292,18.83373],[-98.92385,18.83351],[-98.92592,18.83123],[-98.92654,18.82944],[-98.92475,18.82675],[-98.92659,18.82662],[-98.92621,18.8261],[-98.9272,18.82513],[-98.92631,18.82335],[-98.92641,18.82263],[-98.92748,18.8224],[-98.92633,18.81964],[-98.92614,18.80692],[-98.91749,18.80453],[-98.91022,18.80455],[-98.90618,18.80349],[-98.90175,18.80333],[-98.88733,18.79865],[-98.88816,18.79804],[-98.8881,18.79585],[-98.89201,18.79489],[-98.89184,18.79373],[-98.89253,18.79326],[-98.89296,18.79367],[-98.89357,18.79171],[-98.89529,18.79081],[-98.89519,18.78993],[-98.89803,18.78622],[-98.89816,18.784],[-98.8988,18.78356],[-98.89931,18.78476],[-98.90014,18.78453],[-98.8994,18.7831],[-98.90179,18.78152],[-98.9008,18.78017],[-98.90207,18.78081],[-98.90279,18.78041],[-98.90179,18.77941],[-98.9035,18.77777],[-98.90402,18.7781],[-98.90536,18.77647],[-98.90628,18.77677],[-98.9076,18.77464],[-98.90936,18.77307],[-98.91014,18.77326],[-98.91006,18.77195],[-98.91095,18.77098],[-98.91227,18.77036],[-98.91211,18.76966],[-98.91283,18.76923],[-98.91419,18.76572],[-98.91417,18.76428],[-98.91608,18.76316],[-98.91577,18.76202],[-98.91754,18.76051],[-98.92048,18.75587],[-98.92183,18.75522],[-98.92185,18.7516],[-98.92081,18.74996],[-98.92041,18.74742],[-98.9226,18.7422],[-98.92497,18.7393],[-98.93923,18.75079],[-98.93958,18.75186],[-98.95145,18.75537],[-98.95072,18.75716],[-98.95309,18.75708],[-98.95562,18.75922],[-98.95678,18.75846],[-98.95776,18.75905],[-98.95751,18.76136],[-98.95554,18.76219],[-98.95535,18.76441],[-98.95444,18.76484],[-98.95414,18.76623],[-98.95252,18.76669],[-98.95211,18.76795],[-98.93949,18.77322],[-98.93693,18.77298],[-98.9367,18.77359],[-98.93655,18.78332],[-98.93718,18.78511],[-98.93879,18.78607],[-98.94069,18.7844],[-98.94242,18.78784],[-98.94433,18.78929],[-98.94984,18.79126],[-98.95408,18.79568],[-98.95345,18.7987],[-98.95465,18.80001],[-98.95542,18.80247],[-98.96069,18.79839],[-98.96623,18.79656],[-98.96704,18.7966],[-98.96523,18.80203],[-98.96645,18.80085],[-98.96689,18.80137],[-98.97728,18.79911],[-98.98402,18.80045],[-98.98932,18.80057],[-98.98876,18.80239],[-98.98923,18.80284],[-98.98981,18.8025],[-98.99003,18.80351],[-99.00319,18.80599],[-99.01729,18.81251],[-99.02255,18.81609],[-99.04843,18.83093],[-99.04877,18.83628],[-99.0467,18.83831],[-99.04615,18.83996],[-99.04895,18.84472],[-99.04111,18.84848],[-99.04079,18.85253],[-99.03993,18.85432],[-99.04136,18.85487],[-99.04152,18.8569],[-99.04101,18.85762],[-99.03851,18.85839],[-99.01763,18.85436],[-99.01413,18.85424],[-99.01255,18.85647],[-99.00844,18.85732],[-99.00182,18.85996],[-99.00265,18.86114],[-99.00263,18.86461],[-99.00344,18.86702],[-99.00615,18.86892],[-99.00506,18.87078]]]}},{"type":"Feature","properties":{"municipio":"Cuernavaca","cve_geo":17007},"geometry":{"type":"Polygon","coordinates":[[[-99.31176,19.02465],[-99.31343,19.02288],[-99.31857,19.02031],[-99.31884,19.01275],[-99.31967,19.01127],[-99.31407,19.00055],[-99.30847,18.99401],[-99.31105,18.99165],[-99.30953,18.97471],[-99.30998,18.96241],[-99.30872,18.9588],[-99.3106,18.95685],[-99.31104,18.95283],[-99.31304,18.94812],[-99.31703,18.94311],[-99.31716,18.94],[-99.321,18.94322],[-99.32157,18.94029],[-99.32462,18.93741],[-99.3301,18.9367],[-99.33396,18.93495],[-99.33544,18.93278],[-99.3379,18.9324],[-99.33915,18.92653],[-99.34201,18.92252],[-99.33994,18.92213],[-99.34098,18.91161],[-99.3382,18.89568],[-99.3363,18.88974],[-99.33503,18.88788],[-99.33511,18.88518],[-99.33276,18.88216],[-99.3311,18.87646],[-99.3303,18.87545],[-99.33093,18.8747],[-99.33053,18.87231],[-99.32971,18.87243],[-99.32922,18.8703],[-99.33007,18.86912],[-99.32934,18.86923],[-99.32905,18.86847],[-99.32747,18.86783],[-99.32617,18.86795],[-99.32501,18.86668],[-99.32148,18.86762],[-99.32089,18.86653],[-99.31939,18.86659],[-99.31498,18.8586],[-99.30869,18.85178],[-99.30816,18.85264],[-99.30526,18.8495],[-99.30006,18.84662],[-99.29518,18.84288],[-99.29015,18.84193],[-99.28674,18.84425],[-99.28401,18.84328],[-99.27846,18.843],[-99.2765,18.84198],[-99.2734,18.84375],[-99.27204,18.8476],[-99.27082,18.84904],[-99.27105,18.85026],[-99.27267,18.85138],[-99.27157,18.85338],[-99.27645,18.85639],[-99.27739,18.85773],[-99.27656,18.85924],[-99.27658,18.86083],[-99.27686,18.86201],[-99.2777,18.86173],[-99.27794,18.86089],[-99.27885,18.86157],[-99.27954,18.86374],[-99.27893,18.86699],[-99.27989,18.86757],[-99.28162,18.86687],[-99.28102,18.86776],[-99.28288,18.86874],[-99.28307,18.87018],[-99.28422,18.87074],[-99.28397,18.87155],[-99.28494,18.87416],[-99.28877,18.87913],[-99.28081,18.88307],[-99.28277,18.88621],[-99.28295,18.88859],[-99.28459,18.89139],[-99.28367,18.89457],[-99.2941,18.89319],[-99.30137,18.90099],[-99.28576,18.90113],[-99.28663,18.90223],[-99.28602,18.90355],[-99.28726,18.90345],[-99.28816,18.90433],[-99.28794,18.90763],[-99.28893,18.90965],[-99.28806,18.91074],[-99.28858,18.91396],[-99.28701,18.91414],[-99.28712,18.91468],[-99.28776,18.91481],[-99.2883,18.91739],[-99.28915,18.91789],[-99.28872,18.91917],[-99.29165,18.92149],[-99.29108,18.92186],[-99.28182,18.91525],[-99.27087,18.90262],[-99.26265,18.90307],[-99.26097,18.90393],[-99.2608,18.90298],[-99.26206,18.90182],[-99.26186,18.90058],[-99.25851,18.89745],[-99.25862,18.89596],[-99.25797,18.89504],[-99.25861,18.89486],[-99.25665,18.89067],[-99.25007,18.89387],[-99.24332,18.89597],[-99.23908,18.898],[-99.23702,18.89799],[-99.23605,18.89707],[-99.23589,18.8958],[-99.23525,18.89565],[-99.23553,18.89361],[-99.23312,18.89223],[-99.23539,18.89139],[-99.23505,18.89071],[-99.23356,18.89044],[-99.23294,18.8894],[-99.23268,18.88663],[-99.23103,18.88239],[-99.23177,18.88112],[-99.23092,18.87977],[-99.23075,18.8778],[-99.22986,18.87607],[-99.22789,18.87439],[-99.22791,18.87267],[-99.22697,18.87226],[-99.22736,18.87006],[-99.22603,18.86844],[-99.22684,18.86718],[-99.2232,18.86464],[-99.22395,18.86304],[-99.22078,18.86232],[-99.22134,18.86824],[-99.22063,18.87248],[-99.22208,18.87409],[-99.22269,18.87693],[-99.22178,18.87559],[-99.21981,18.87521],[-99.21881,18.87318],[-99.21786,18.87269],[-99.21256,18.87386],[-99.21073,18.87508],[-99.20578,18.87582],[-99.20637,18.87676],[-99.20905,18.87597],[-99.21121,18.87644],[-99.21706,18.87881],[-99.21623,18.8809],[-99.21714,18.8832],[-99.21598,18.88627],[-99.21621,18.88757],[-99.21171,18.8905],[-99.21187,18.8918],[-99.21115,18.89334],[-99.21164,18.89496],[-99.20971,18.89654],[-99.20943,18.89874],[-99.21029,18.89954],[-99.21018,18.90071],[-99.21237,18.90261],[-99.21296,18.90409],[-99.21292,18.90534],[-99.21137,18.90753],[-99.21079,18.90763],[-99.21028,18.90627],[-99.20714,18.90592],[-99.20675,18.90511],[-99.20189,18.90348],[-99.20165,18.90127],[-99.19811,18.90097],[-99.19821,18.89857],[-99.19579,18.89783],[-99.19563,18.89541],[-99.19632,18.89522],[-99.19645,18.89423],[-99.19593,18.89368],[-99.19189,18.8933],[-99.1925,18.90082],[-99.19578,18.90073],[-99.19733,18.90257],[-99.19896,18.90298],[-99.2005,18.90879],[-99.19633,18.90979],[-99.19679,18.91164],[-99.19394,18.91223],[-99.19333,18.91338],[-99.19381,18.91354],[-99.1939,18.91525],[-99.19351,18.91981],[-99.1884,18.91832],[-99.18081,18.91151],[-99.18152,18.91228],[-99.18054,18.91376],[-99.18063,18.91534],[-99.18181,18.9173],[-99.18185,18.91983],[-99.1841,18.9195],[-99.18368,18.92074],[-99.1824,18.92093],[-99.18193,18.92175],[-99.18273,18.92394],[-99.18241,18.92618],[-99.18487,18.93094],[-99.18468,18.93355],[-99.18424,18.93349],[-99.18464,18.9367],[-99.18312,18.94637],[-99.18116,18.97242],[-99.18304,18.98204],[-99.18871,18.99347],[-99.19335,19.00074],[-99.19915,18.99548],[-99.20268,18.99127],[-99.20665,18.98939],[-99.21494,18.98295],[-99.22303,18.98202],[-99.22632,18.98242],[-99.22874,18.98174],[-99.22533,18.99535],[-99.22184,19.00212],[-99.21932,19.00939],[-99.22184,19.00765],[-99.25547,19.00417],[-99.25413,18.9983],[-99.25534,19.00043],[-99.25853,19.0007],[-99.25993,19.00189],[-99.26387,19.00027],[-99.26907,19.00281],[-99.29305,19.02396],[-99.31176,19.02465]]]}},{"type":"Feature","properties":{"municipio":"Emiliano Zapata","cve_geo":17008},"geometry":{"type":"Polygon","coordinates":[[[-99.22101,18.86219],[-99.22054,18.86305],[-99.22134,18.86824],[-99.22063,18.87248],[-99.22208,18.87409],[-99.22269,18.87693],[-99.22178,18.87559],[-99.21981,18.87521],[-99.21881,18.87318],[-99.21786,18.87269],[-99.21256,18.87386],[-99.21073,18.87508],[-99.20585,18.87572],[-99.20469,18.87649],[-99.20181,18.87607],[-99.20164,18.87504],[-99.20323,18.87436],[-99.2028,18.87391],[-99.20167,18.87433],[-99.20067,18.87588],[-99.20017,18.87577],[-99.20011,18.87451],[-99.19925,18.87438],[-99.19924,18.87546],[-99.19883,18.87541],[-99.19841,18.87388],[-99.19919,18.86854],[-99.19771,18.86914],[-99.19745,18.87015],[-99.1968,18.86958],[-99.1962,18.86673],[-99.19106,18.86504],[-99.18984,18.86508],[-99.18864,18.86719],[-99.18734,18.8654],[-99.18851,18.86516],[-99.18831,18.86459],[-99.187,18.86462],[-99.18477,18.86245],[-99.18471,18.85823],[-99.18025,18.85691],[-99.17803,18.85337],[-99.17696,18.85304],[-99.176,18.85507],[-99.17862,18.85746],[-99.17867,18.8587],[-99.17796,18.85967],[-99.17291,18.8577],[-99.17097,18.85553],[-99.17075,18.85724],[-99.1722,18.85879],[-99.17082,18.86099],[-99.16452,18.85662],[-99.14491,18.83122],[-99.15442,18.80879],[-99.15763,18.80993],[-99.16098,18.80374],[-99.1616,18.80033],[-99.16105,18.79505],[-99.15904,18.79236],[-99.15644,18.79003],[-99.14872,18.78678],[-99.14779,18.77354],[-99.1467,18.76693],[-99.14786,18.75905],[-99.17321,18.74738],[-99.17534,18.7469],[-99.17422,18.74703],[-99.17423,18.74521],[-99.17708,18.74204],[-99.18075,18.74494],[-99.18152,18.74463],[-99.18279,18.74549],[-99.18506,18.75148],[-99.18713,18.75407],[-99.19081,18.7551],[-99.19119,18.75578],[-99.19107,18.75703],[-99.19043,18.75725],[-99.19027,18.75966],[-99.19132,18.7614],[-99.19058,18.76378],[-99.18966,18.7646],[-99.19169,18.76613],[-99.19206,18.76855],[-99.19032,18.77092],[-99.18992,18.77301],[-99.19211,18.77517],[-99.19259,18.77664],[-99.1909,18.78018],[-99.19074,18.78263],[-99.1909,18.78373],[-99.19245,18.78429],[-99.19107,18.78652],[-99.18985,18.78632],[-99.19019,18.78752],[-99.18903,18.79036],[-99.18672,18.79171],[-99.18686,18.79434],[-99.18994,18.79545],[-99.19038,18.79729],[-99.19119,18.79802],[-99.19238,18.79788],[-99.19389,18.79919],[-99.20262,18.79714],[-99.20218,18.7978],[-99.20268,18.79691],[-99.20628,18.79615],[-99.20738,18.79667],[-99.2063,18.80031],[-99.20649,18.80288],[-99.2131,18.80689],[-99.21421,18.80845],[-99.2134,18.81107],[-99.21004,18.81614],[-99.21039,18.81754],[-99.20848,18.81922],[-99.20879,18.82077],[-99.20937,18.82084],[-99.20944,18.82309],[-99.20801,18.83982],[-99.20603,18.8404],[-99.20328,18.84223],[-99.20311,18.84292],[-99.20596,18.84432],[-99.20935,18.84298],[-99.21289,18.84276],[-99.21519,18.84184],[-99.21756,18.84206],[-99.22049,18.85228],[-99.22101,18.86219]]]}},{"type":"Feature","properties":{"municipio":"Huitzilac","cve_geo":17009},"geometry":{"type":"Polygon","coordinates":[[[-99.2103,19.09484],[-99.22678,19.09606],[-99.2787,19.1317],[-99.29508,19.12293],[-99.31374,19.09822],[-99.31832,19.08742],[-99.31719,19.08187],[-99.31912,19.06571],[-99.31909,19.06064],[-99.3177,19.05339],[-99.31617,19.04879],[-99.31144,19.04441],[-99.31097,19.04361],[-99.31154,19.04362],[-99.30857,19.0403],[-99.31749,19.04013],[-99.31891,19.03107],[-99.31176,19.02465],[-99.29305,19.02396],[-99.26907,19.00281],[-99.26387,19.00027],[-99.25993,19.00189],[-99.25853,19.0007],[-99.25534,19.00043],[-99.25408,18.99831],[-99.25547,19.00417],[-99.22184,19.00765],[-99.21932,19.00939],[-99.22184,19.00212],[-99.22533,18.99535],[-99.22874,18.98174],[-99.22632,18.98242],[-99.22303,18.98202],[-99.21726,18.98255],[-99.21311,18.98401],[-99.20665,18.98939],[-99.20268,18.99127],[-99.19915,18.99548],[-99.19335,19.00074],[-99.16542,19.02377],[-99.14828,19.05033],[-99.13538,19.0893],[-99.2103,19.09484]]]}},{"type":"Feature","properties":{"municipio":"Jantetelco","cve_geo":17010},"geometry":{"type":"Polygon","coordinates":[[[-98.7534,18.74293],[-98.73867,18.73717],[-98.73168,18.74238],[-98.72894,18.74524],[-98.71892,18.74106],[-98.71591,18.73919],[-98.71856,18.73656],[-98.71922,18.73321],[-98.71884,18.73226],[-98.72019,18.73109],[-98.72053,18.7284],[-98.72011,18.7279],[-98.7208,18.7276],[-98.72121,18.72622],[-98.72346,18.72488],[-98.72398,18.71907],[-98.72682,18.7174],[-98.72841,18.71428],[-98.72966,18.71432],[-98.72964,18.71342],[-98.7313,18.71261],[-98.7318,18.71295],[-98.73372,18.71132],[-98.73534,18.71247],[-98.73518,18.7107],[-98.736,18.7096],[-98.73851,18.70953],[-98.74131,18.70786],[-98.74112,18.70678],[-98.73906,18.70711],[-98.74012,18.70562],[-98.74122,18.70543],[-98.74051,18.70411],[-98.74183,18.70294],[-98.74188,18.70218],[-98.74068,18.70153],[-98.74034,18.69821],[-98.73914,18.69752],[-98.73978,18.69605],[-98.73847,18.69613],[-98.73938,18.69495],[-98.73879,18.69406],[-98.73914,18.69261],[-98.73743,18.6891],[-98.73673,18.68465],[-98.73528,18.68378],[-98.73573,18.68211],[-98.73498,18.68196],[-98.7341,18.67975],[-98.73329,18.6793],[-98.73362,18.67789],[-98.73221,18.67751],[-98.73347,18.67612],[-98.73272,18.67377],[-98.73076,18.67296],[-98.73126,18.67214],[-98.73091,18.67142],[-98.7288,18.67068],[-98.72946,18.66941],[-98.72819,18.67061],[-98.72751,18.67006],[-98.728,18.66778],[-98.72649,18.66744],[-98.7277,18.6662],[-98.7269,18.66524],[-98.72735,18.66442],[-98.72492,18.66112],[-98.72452,18.65876],[-98.72103,18.65766],[-98.72254,18.65702],[-98.72225,18.6563],[-98.72064,18.65656],[-98.7199,18.65595],[-98.7201,18.65451],[-98.71936,18.65288],[-98.72012,18.65106],[-98.721,18.65076],[-98.71957,18.65046],[-98.71955,18.64907],[-98.71847,18.64787],[-98.71922,18.64685],[-98.71894,18.64379],[-98.71953,18.64222],[-98.71876,18.63971],[-98.72006,18.63989],[-98.72087,18.6389],[-98.7178,18.63833],[-98.71919,18.63663],[-98.71749,18.63371],[-98.71773,18.63022],[-98.71611,18.6292],[-98.71729,18.62795],[-98.7169,18.62575],[-98.71408,18.62374],[-98.71353,18.62131],[-98.71249,18.62131],[-98.71147,18.61611],[-98.71219,18.61441],[-98.71402,18.61329],[-98.71429,18.61175],[-98.71327,18.60688],[-98.71355,18.60631],[-98.71477,18.60658],[-98.71608,18.60464],[-98.72019,18.60508],[-98.72092,18.60409],[-98.7218,18.6041],[-98.72621,18.60942],[-98.72493,18.60604],[-98.72656,18.60618],[-98.72656,18.60483],[-98.73472,18.60492],[-98.73541,18.60518],[-98.73536,18.60639],[-98.73577,18.6052],[-98.73398,18.60381],[-98.7335,18.60263],[-98.73505,18.60098],[-98.73558,18.59756],[-98.73542,18.59457],[-98.73419,18.59261],[-98.73424,18.59144],[-98.73493,18.58903],[-98.73703,18.58846],[-98.73732,18.58889],[-98.74236,18.58832],[-98.74446,18.58885],[-98.74828,18.58783],[-98.74774,18.59015],[-98.74941,18.59062],[-98.75042,18.59198],[-98.75073,18.59081],[-98.75179,18.5904],[-98.75269,18.59217],[-98.75521,18.59364],[-98.75606,18.60069],[-98.75998,18.60174],[-98.75958,18.60245],[-98.76117,18.60482],[-98.75965,18.60682],[-98.76069,18.61027],[-98.7594,18.61081],[-98.75669,18.61489],[-98.75707,18.61734],[-98.75448,18.61709],[-98.75657,18.61946],[-98.75457,18.61976],[-98.75392,18.62113],[-98.75296,18.62138],[-98.75295,18.62206],[-98.7548,18.62374],[-98.75369,18.62515],[-98.75447,18.6264],[-98.75287,18.62685],[-98.75401,18.62725],[-98.75468,18.62912],[-98.75377,18.63028],[-98.76269,18.63407],[-98.76111,18.6395],[-98.76094,18.64279],[-98.7626,18.64252],[-98.76439,18.64367],[-98.76648,18.644],[-98.76795,18.64684],[-98.7676,18.65451],[-98.76686,18.65427],[-98.76679,18.65542],[-98.76569,18.65556],[-98.76446,18.65413],[-98.75961,18.65392],[-98.7593,18.65302],[-98.7536,18.64958],[-98.75233,18.65225],[-98.75332,18.65257],[-98.7529,18.65433],[-98.75388,18.6552],[-98.75286,18.6558],[-98.75486,18.65879],[-98.74765,18.65822],[-98.74788,18.66552],[-98.75496,18.66497],[-98.7809,18.6675],[-98.78229,18.66802],[-98.78412,18.67101],[-98.78587,18.67101],[-98.78755,18.67198],[-98.78808,18.67271],[-98.78605,18.67588],[-98.78523,18.67948],[-98.78646,18.68567],[-98.78595,18.68822],[-98.78399,18.69148],[-98.78391,18.69296],[-98.78938,18.6912],[-98.79929,18.69997],[-98.8012,18.70058],[-98.80348,18.69939],[-98.80523,18.70913],[-98.80653,18.70981],[-98.80622,18.71216],[-98.80684,18.71245],[-98.80676,18.71329],[-98.81143,18.71394],[-98.81231,18.71284],[-98.82708,18.71719],[-98.83588,18.72102],[-98.8399,18.71443],[-98.85464,18.72166],[-98.85121,18.72459],[-98.84367,18.73685],[-98.84148,18.73605],[-98.83728,18.74241],[-98.83669,18.74354],[-98.8399,18.74515],[-98.83759,18.75229],[-98.82277,18.74575],[-98.82121,18.74666],[-98.81571,18.74487],[-98.81513,18.74549],[-98.81206,18.74397],[-98.81153,18.74293],[-98.81017,18.7438],[-98.79672,18.73946],[-98.79626,18.73963],[-98.79642,18.74098],[-98.79453,18.74203],[-98.78863,18.7413],[-98.78791,18.74109],[-98.78889,18.738],[-98.78249,18.7362],[-98.78084,18.74136],[-98.77747,18.7435],[-98.77944,18.73538],[-98.77429,18.73361],[-98.77477,18.73107],[-98.77329,18.73117],[-98.7728,18.73293],[-98.76888,18.73168],[-98.76883,18.73092],[-98.76798,18.73131],[-98.76105,18.72869],[-98.75998,18.7289],[-98.75871,18.73055],[-98.75911,18.73085],[-98.75821,18.73199],[-98.75845,18.73425],[-98.75713,18.73526],[-98.75642,18.73849],[-98.7534,18.74293]]]}},{"type":"Feature","properties":{"municipio":"Jiutepec","cve_geo":17011},"geometry":{"type":"Polygon","coordinates":[[[-99.20578,18.87582],[-99.20469,18.87649],[-99.20203,18.8763],[-99.20164,18.87504],[-99.20323,18.87436],[-99.2028,18.87391],[-99.20167,18.87433],[-99.20067,18.87588],[-99.20017,18.87577],[-99.20011,18.87451],[-99.19925,18.87438],[-99.19924,18.87546],[-99.19883,18.87541],[-99.19841,18.87388],[-99.19919,18.86854],[-99.19771,18.86914],[-99.19745,18.87015],[-99.1968,18.86958],[-99.1962,18.86673],[-99.18998,18.86503],[-99.18864,18.86719],[-99.18734,18.8654],[-99.18851,18.86516],[-99.18831,18.86459],[-99.187,18.86462],[-99.18477,18.86245],[-99.18471,18.85823],[-99.18025,18.85691],[-99.17803,18.85337],[-99.17696,18.85304],[-99.176,18.85507],[-99.17862,18.85746],[-99.17867,18.8587],[-99.17796,18.85967],[-99.17291,18.8577],[-99.17097,18.85553],[-99.17075,18.85724],[-99.1722,18.85879],[-99.17082,18.86099],[-99.16452,18.85662],[-99.14838,18.83597],[-99.14619,18.83751],[-99.14275,18.84146],[-99.14315,18.84248],[-99.13569,18.85173],[-99.13593,18.85889],[-99.13436,18.86413],[-99.12877,18.86458],[-99.1219,18.86193],[-99.12124,18.86463],[-99.1199,18.86668],[-99.11938,18.86991],[-99.12083,18.87701],[-99.11998,18.87855],[-99.12026,18.88081],[-99.12312,18.88336],[-99.12554,18.88896],[-99.12814,18.8915],[-99.13333,18.89487],[-99.13211,18.89516],[-99.13167,18.89643],[-99.13459,18.89764],[-99.14988,18.90843],[-99.15285,18.91271],[-99.15775,18.91703],[-99.15784,18.91793],[-99.15918,18.91904],[-99.17479,18.93079],[-99.18464,18.9367],[-99.18475,18.93522],[-99.18414,18.93508],[-99.18487,18.93094],[-99.18241,18.92618],[-99.18273,18.92394],[-99.18193,18.92175],[-99.1824,18.92093],[-99.18368,18.92074],[-99.1841,18.9195],[-99.18185,18.91983],[-99.18181,18.9173],[-99.18063,18.91534],[-99.18054,18.91376],[-99.18152,18.91228],[-99.18081,18.91151],[-99.1884,18.91832],[-99.19351,18.91981],[-99.1939,18.91525],[-99.19381,18.91354],[-99.19333,18.91338],[-99.19394,18.91223],[-99.19679,18.91164],[-99.19633,18.90979],[-99.2005,18.90879],[-99.19896,18.90298],[-99.19733,18.90257],[-99.19578,18.90073],[-99.1925,18.90082],[-99.19179,18.89336],[-99.19593,18.89368],[-99.19646,18.89457],[-99.19563,18.89541],[-99.19579,18.89783],[-99.19821,18.89857],[-99.19811,18.90097],[-99.20165,18.90127],[-99.20189,18.90348],[-99.20675,18.90511],[-99.20714,18.90592],[-99.21028,18.90627],[-99.21103,18.90777],[-99.21292,18.90534],[-99.21237,18.90261],[-99.21018,18.90071],[-99.21029,18.89954],[-99.20943,18.89874],[-99.20971,18.89654],[-99.21164,18.89496],[-99.21115,18.89334],[-99.21187,18.8918],[-99.21171,18.8905],[-99.21621,18.88757],[-99.21598,18.88627],[-99.21714,18.8832],[-99.21623,18.8809],[-99.21706,18.87881],[-99.21121,18.87644],[-99.20905,18.87597],[-99.20637,18.87676],[-99.20578,18.87582]]]}},{"type":"Feature","properties":{"municipio":"Jojutla","cve_geo":17012},"geometry":{"type":"Polygon","coordinates":[[[-99.17734,18.66976],[-99.17627,18.66917],[-99.17474,18.67067],[-99.17324,18.67093],[-99.17097,18.67382],[-99.16809,18.67493],[-99.1679,18.67602],[-99.16223,18.67537],[-99.16166,18.67679],[-99.15809,18.67929],[-99.15878,18.66174],[-99.16172,18.66274],[-99.16391,18.66209],[-99.17078,18.65774],[-99.17059,18.65452],[-99.17433,18.64648],[-99.175,18.64092],[-99.17686,18.63582],[-99.17768,18.6297],[-99.18459,18.63433],[-99.18476,18.63632],[-99.18708,18.63865],[-99.18834,18.63782],[-99.18925,18.63506],[-99.18762,18.63424],[-99.18657,18.63268],[-99.18372,18.62541],[-99.17741,18.6201],[-99.17724,18.62075],[-99.17415,18.61992],[-99.17362,18.62116],[-99.17231,18.62082],[-99.17123,18.62224],[-99.17016,18.62099],[-99.16833,18.61841],[-99.1674,18.61427],[-99.16765,18.6118],[-99.16428,18.60998],[-99.16605,18.60822],[-99.1643,18.6073],[-99.16539,18.60437],[-99.16366,18.60396],[-99.16238,18.60182],[-99.15987,18.59975],[-99.15171,18.59856],[-99.15197,18.5785],[-99.14787,18.57234],[-99.15327,18.55962],[-99.15215,18.55435],[-99.16285,18.5314],[-99.16525,18.53128],[-99.16607,18.53213],[-99.1705,18.53317],[-99.17403,18.53195],[-99.17536,18.53313],[-99.1761,18.53771],[-99.17821,18.53824],[-99.18082,18.53717],[-99.18271,18.53435],[-99.18555,18.53345],[-99.18718,18.53181],[-99.18987,18.53227],[-99.19045,18.5307],[-99.19012,18.52612],[-99.18905,18.52397],[-99.19119,18.52194],[-99.19159,18.52041],[-99.19335,18.52193],[-99.19515,18.52495],[-99.19562,18.52662],[-99.19441,18.53019],[-99.19656,18.53142],[-99.20307,18.52744],[-99.20354,18.52671],[-99.20331,18.52338],[-99.21072,18.52277],[-99.21206,18.52532],[-99.21242,18.53083],[-99.21353,18.53352],[-99.21908,18.53732],[-99.21977,18.54092],[-99.22929,18.54655],[-99.22823,18.55044],[-99.22918,18.55077],[-99.22966,18.55189],[-99.22867,18.55351],[-99.2302,18.55447],[-99.23084,18.55094],[-99.23272,18.54884],[-99.23457,18.54811],[-99.23403,18.54673],[-99.23516,18.5461],[-99.2351,18.54748],[-99.23567,18.54729],[-99.23773,18.54452],[-99.23872,18.54138],[-99.23965,18.54194],[-99.24029,18.54117],[-99.23978,18.53958],[-99.24125,18.54014],[-99.24186,18.53949],[-99.24074,18.53899],[-99.24139,18.53794],[-99.24306,18.53684],[-99.24572,18.53678],[-99.24618,18.5361],[-99.24542,18.536],[-99.24491,18.53359],[-99.24811,18.53026],[-99.24979,18.53065],[-99.25507,18.53445],[-99.26255,18.53844],[-99.26009,18.54183],[-99.26259,18.54291],[-99.26291,18.54043],[-99.26383,18.53956],[-99.26497,18.53944],[-99.26902,18.54204],[-99.26872,18.54085],[-99.2706,18.53978],[-99.2717,18.54021],[-99.27307,18.53868],[-99.27349,18.54015],[-99.27547,18.54196],[-99.27458,18.54248],[-99.2744,18.5436],[-99.27678,18.54656],[-99.27476,18.54893],[-99.27575,18.55234],[-99.27407,18.55523],[-99.27442,18.55674],[-99.2759,18.55858],[-99.28438,18.56501],[-99.28716,18.56634],[-99.28973,18.56561],[-99.2916,18.56041],[-99.29314,18.56106],[-99.29377,18.56247],[-99.29523,18.56206],[-99.29657,18.56249],[-99.29523,18.56953],[-99.29608,18.57267],[-99.29277,18.57673],[-99.29066,18.57572],[-99.29191,18.57986],[-99.29151,18.59107],[-99.29732,18.59381],[-99.30192,18.59512],[-99.28838,18.62573],[-99.28534,18.62335],[-99.28182,18.63067],[-99.27567,18.63773],[-99.26994,18.64282],[-99.26619,18.64269],[-99.2666,18.6418],[-99.25278,18.63798],[-99.24551,18.63513],[-99.23015,18.63505],[-99.23114,18.63163],[-99.22984,18.62876],[-99.23215,18.62837],[-99.24133,18.6183],[-99.23715,18.61536],[-99.22535,18.62435],[-99.22482,18.6259],[-99.22259,18.62854],[-99.21966,18.62774],[-99.22261,18.62869],[-99.22114,18.63046],[-99.21816,18.62976],[-99.21678,18.63083],[-99.21234,18.62935],[-99.21222,18.62976],[-99.21019,18.62918],[-99.21021,18.62798],[-99.20825,18.62731],[-99.2071,18.62975],[-99.20304,18.62386],[-99.19807,18.62259],[-99.19628,18.62779],[-99.19652,18.63178],[-99.19447,18.63403],[-99.19578,18.6356],[-99.19748,18.63613],[-99.19789,18.63726],[-99.19716,18.63833],[-99.19596,18.63757],[-99.19582,18.63817],[-99.1969,18.63938],[-99.19469,18.64118],[-99.19567,18.64364],[-99.1931,18.64365],[-99.19566,18.64583],[-99.19591,18.6468],[-99.19504,18.64814],[-99.19461,18.64794],[-99.19449,18.64926],[-99.18515,18.64702],[-99.18107,18.64511],[-99.17708,18.65447],[-99.17823,18.65535],[-99.17975,18.65549],[-99.17734,18.66976]]]}},{"type":"Feature","properties":{"municipio":"Jonacatepec de Leandro Valle","cve_geo":17013},"geometry":{"type":"Polygon","coordinates":[[[-98.76059,18.58632],[-98.75211,18.58603],[-98.74805,18.58807],[-98.74774,18.59015],[-98.74941,18.59062],[-98.75042,18.59198],[-98.75073,18.59081],[-98.75179,18.5904],[-98.75269,18.59217],[-98.75521,18.59364],[-98.75606,18.60069],[-98.75998,18.60174],[-98.75958,18.60245],[-98.76117,18.60482],[-98.75965,18.60682],[-98.76069,18.61027],[-98.7594,18.61081],[-98.75669,18.61489],[-98.75707,18.61734],[-98.75448,18.61709],[-98.75657,18.61946],[-98.75457,18.61976],[-98.75392,18.62113],[-98.75296,18.62138],[-98.75295,18.62206],[-98.7548,18.62374],[-98.75369,18.62515],[-98.75447,18.6264],[-98.75287,18.62685],[-98.75401,18.62725],[-98.75468,18.62912],[-98.75377,18.63028],[-98.76269,18.63407],[-98.76111,18.6395],[-98.76094,18.64279],[-98.76273,18.64255],[-98.76686,18.64428],[-98.76795,18.64684],[-98.7676,18.65451],[-98.76686,18.65427],[-98.76679,18.65542],[-98.76569,18.65556],[-98.76446,18.65413],[-98.75961,18.65392],[-98.7593,18.65302],[-98.7536,18.64958],[-98.75233,18.65225],[-98.75332,18.65257],[-98.7529,18.65433],[-98.75388,18.6552],[-98.75286,18.6558],[-98.75486,18.65879],[-98.74765,18.65822],[-98.74788,18.66552],[-98.75496,18.66497],[-98.7809,18.6675],[-98.78229,18.66802],[-98.78412,18.67101],[-98.78587,18.67101],[-98.78755,18.67198],[-98.78808,18.67271],[-98.78605,18.67588],[-98.78523,18.67948],[-98.78646,18.68567],[-98.78595,18.68822],[-98.78399,18.69148],[-98.78391,18.69296],[-98.78938,18.6912],[-98.79929,18.69997],[-98.8012,18.70058],[-98.80348,18.69939],[-98.80523,18.70913],[-98.80653,18.70981],[-98.80622,18.71216],[-98.80684,18.71245],[-98.80676,18.71329],[-98.81143,18.71394],[-98.81231,18.71284],[-98.82708,18.71719],[-98.83588,18.72102],[-98.8399,18.71443],[-98.85464,18.72166],[-98.87049,18.72718],[-98.87637,18.70583],[-98.87075,18.70234],[-98.86689,18.69425],[-98.86605,18.68835],[-98.8704,18.6847],[-98.87539,18.68498],[-98.87669,18.68339],[-98.87712,18.6824],[-98.87609,18.67207],[-98.87345,18.67409],[-98.87125,18.67312],[-98.8706,18.67177],[-98.8675,18.67383],[-98.86576,18.67272],[-98.86402,18.67395],[-98.86255,18.67385],[-98.8614,18.67287],[-98.85785,18.67447],[-98.85708,18.67243],[-98.85622,18.67317],[-98.85433,18.67329],[-98.85249,18.67208],[-98.85234,18.67422],[-98.85071,18.67284],[-98.85006,18.6732],[-98.85054,18.67439],[-98.84886,18.67398],[-98.84936,18.67522],[-98.84801,18.67507],[-98.84844,18.67637],[-98.84755,18.67698],[-98.84792,18.67768],[-98.84607,18.67782],[-98.84492,18.68135],[-98.84156,18.68109],[-98.82229,18.65451],[-98.82103,18.65293],[-98.8199,18.6527],[-98.81938,18.64848],[-98.81811,18.64802],[-98.81947,18.64545],[-98.82109,18.64403],[-98.81997,18.64221],[-98.82197,18.6412],[-98.828,18.64162],[-98.82835,18.64033],[-98.82982,18.64164],[-98.83185,18.64207],[-98.83466,18.63231],[-98.78046,18.60487],[-98.76487,18.59264],[-98.76059,18.58632]]]}},{"type":"Feature","properties":{"municipio":"Mazatepec","cve_geo":17014},"geometry":{"type":"Polygon","coordinates":[[[-99.41078,18.65486],[-99.39921,18.6485],[-99.39479,18.64942],[-99.38466,18.63851],[-99.38392,18.63626],[-99.38465,18.63537],[-99.38466,18.63103],[-99.38565,18.62817],[-99.37886,18.62758],[-99.35551,18.61608],[-99.35521,18.6164],[-99.35557,18.6166],[-99.35467,18.61805],[-99.35591,18.61857],[-99.3553,18.61957],[-99.3568,18.62027],[-99.35423,18.61966],[-99.35431,18.621],[-99.35242,18.6227],[-99.35381,18.62413],[-99.3534,18.6257],[-99.35248,18.62758],[-99.35095,18.62763],[-99.35154,18.62868],[-99.35285,18.62921],[-99.35204,18.6371],[-99.35395,18.63962],[-99.3503,18.63917],[-99.34927,18.63961],[-99.34856,18.64176],[-99.34906,18.64191],[-99.34665,18.64397],[-99.34757,18.65409],[-99.34735,18.66314],[-99.35514,18.66336],[-99.35492,18.66584],[-99.35544,18.66646],[-99.35456,18.66812],[-99.35669,18.6699],[-99.35802,18.67255],[-99.35805,18.67454],[-99.35624,18.67497],[-99.35621,18.67654],[-99.35012,18.67926],[-99.35256,18.68122],[-99.35007,18.68183],[-99.34994,18.68244],[-99.34142,18.6864],[-99.33789,18.68522],[-99.3376,18.68837],[-99.33643,18.68772],[-99.33561,18.68911],[-99.33401,18.6891],[-99.33344,18.68809],[-99.3327,18.69708],[-99.33129,18.69881],[-99.3301,18.70266],[-99.32808,18.71577],[-99.33681,18.72248],[-99.33803,18.72189],[-99.33789,18.72387],[-99.35622,18.73941],[-99.35808,18.74695],[-99.35948,18.7484],[-99.36133,18.74895],[-99.36353,18.75189],[-99.36456,18.75596],[-99.36739,18.75627],[-99.36867,18.75731],[-99.37149,18.758],[-99.37477,18.75668],[-99.37532,18.75829],[-99.37699,18.75815],[-99.3777,18.75882],[-99.3793,18.75793],[-99.38126,18.75861],[-99.38178,18.75668],[-99.38215,18.75728],[-99.38259,18.7568],[-99.38529,18.75917],[-99.38538,18.75482],[-99.38642,18.75418],[-99.38697,18.75611],[-99.39036,18.75685],[-99.38889,18.75319],[-99.38992,18.75338],[-99.391,18.75257],[-99.39077,18.75142],[-99.38955,18.75131],[-99.38563,18.74843],[-99.38394,18.7481],[-99.37857,18.74353],[-99.38182,18.74064],[-99.3856,18.73939],[-99.38447,18.73876],[-99.38362,18.73596],[-99.38277,18.73543],[-99.38379,18.73356],[-99.38193,18.73388],[-99.3848,18.72928],[-99.37993,18.72347],[-99.38113,18.72231],[-99.38027,18.72178],[-99.38143,18.72038],[-99.38045,18.72081],[-99.3809,18.71928],[-99.37935,18.72],[-99.37524,18.717],[-99.3734,18.71636],[-99.36829,18.71285],[-99.36592,18.7095],[-99.36444,18.71073],[-99.36131,18.70554],[-99.35893,18.70343],[-99.36087,18.69887],[-99.35876,18.69792],[-99.35541,18.69812],[-99.36406,18.68841],[-99.37044,18.69194],[-99.37178,18.69205],[-99.37228,18.694],[-99.37341,18.6931],[-99.37412,18.69462],[-99.37553,18.69406],[-99.37628,18.69267],[-99.37689,18.69266],[-99.37789,18.6901],[-99.37946,18.68894],[-99.37918,18.68715],[-99.37857,18.68686],[-99.37947,18.6848],[-99.37906,18.68316],[-99.37801,18.68237],[-99.37811,18.68094],[-99.37971,18.68118],[-99.39296,18.67926],[-99.39313,18.66558],[-99.39894,18.6661],[-99.39919,18.66192],[-99.40926,18.65726],[-99.41078,18.65486]]]}},{"type":"Feature","properties":{"municipio":"Miacatlán","cve_geo":17015},"geometry":{"type":"Polygon","coordinates":[[[-99.35778,18.74595],[-99.35429,18.7484],[-99.35046,18.75566],[-99.34861,18.75522],[-99.3463,18.75152],[-99.34402,18.74947],[-99.33734,18.75887],[-99.33441,18.76117],[-99.33323,18.76457],[-99.33004,18.76542],[-99.32947,18.76429],[-99.32742,18.76391],[-99.3232,18.76143],[-99.3157,18.76215],[-99.31522,18.7636],[-99.31282,18.76645],[-99.31118,18.76707],[-99.31252,18.76958],[-99.3127,18.77126],[-99.31481,18.77339],[-99.31473,18.77431],[-99.31233,18.77402],[-99.30802,18.77624],[-99.30738,18.77734],[-99.3019,18.77886],[-99.30083,18.78063],[-99.29266,18.78524],[-99.29019,18.78387],[-99.28772,18.78149],[-99.2861,18.78091],[-99.28473,18.78197],[-99.28632,18.78223],[-99.28665,18.78457],[-99.2887,18.78605],[-99.28838,18.78694],[-99.28963,18.7876],[-99.2878,18.78973],[-99.28834,18.79086],[-99.28814,18.79545],[-99.29971,18.80154],[-99.30898,18.81281],[-99.3109,18.81246],[-99.31224,18.81547],[-99.31901,18.81652],[-99.33094,18.82309],[-99.33543,18.82283],[-99.34841,18.83074],[-99.35231,18.84229],[-99.32945,18.86085],[-99.32995,18.8613],[-99.32879,18.86236],[-99.32993,18.86341],[-99.32997,18.86671],[-99.32784,18.86709],[-99.32747,18.86783],[-99.32905,18.86847],[-99.32934,18.86923],[-99.33007,18.86912],[-99.32922,18.8703],[-99.32971,18.87243],[-99.33053,18.87231],[-99.33093,18.8747],[-99.3303,18.87545],[-99.3311,18.87646],[-99.33276,18.88216],[-99.33511,18.88518],[-99.33503,18.88788],[-99.3363,18.88974],[-99.3382,18.89568],[-99.34098,18.91161],[-99.33994,18.92213],[-99.34246,18.92267],[-99.34264,18.92397],[-99.3442,18.91867],[-99.34891,18.91645],[-99.35253,18.91167],[-99.3584,18.90648],[-99.35943,18.90463],[-99.36476,18.899],[-99.3675,18.8946],[-99.37313,18.89863],[-99.40665,18.89519],[-99.41096,18.87818],[-99.41604,18.87796],[-99.41827,18.87946],[-99.42052,18.87983],[-99.42191,18.8796],[-99.42285,18.87833],[-99.42936,18.87757],[-99.431,18.86575],[-99.42618,18.86429],[-99.42533,18.86301],[-99.42589,18.86194],[-99.42443,18.86028],[-99.42541,18.85939],[-99.43226,18.85781],[-99.4322,18.85352],[-99.43031,18.84229],[-99.43011,18.83261],[-99.42589,18.82643],[-99.4267,18.82469],[-99.42435,18.80788],[-99.42157,18.80619],[-99.42058,18.80154],[-99.40419,18.76884],[-99.40016,18.76345],[-99.39968,18.76175],[-99.40001,18.75931],[-99.39941,18.75811],[-99.39359,18.75495],[-99.391,18.75257],[-99.38992,18.75338],[-99.38889,18.75319],[-99.39036,18.75685],[-99.38697,18.75611],[-99.38642,18.75418],[-99.38538,18.75482],[-99.38529,18.75917],[-99.38385,18.75764],[-99.38178,18.75668],[-99.38126,18.75861],[-99.3798,18.75791],[-99.3777,18.75882],[-99.37699,18.75815],[-99.37532,18.75829],[-99.37477,18.75668],[-99.37149,18.758],[-99.36959,18.75763],[-99.36739,18.75627],[-99.36456,18.75596],[-99.36353,18.75189],[-99.36133,18.74895],[-99.3592,18.74821],[-99.35778,18.74595]]]}},{"type":"Feature","properties":{"municipio":"Ocuituco","cve_geo":17016},"geometry":{"type":"Polygon","coordinates":[[[-98.72627,18.94469],[-98.73335,18.94571],[-98.7371,18.94393],[-98.74097,18.94506],[-98.74416,18.94421],[-98.7468,18.94446],[-98.75304,18.94226],[-98.75555,18.94283],[-98.75518,18.94236],[-98.75643,18.94092],[-98.76107,18.9415],[-98.76306,18.9404],[-98.76685,18.94273],[-98.77278,18.9419],[-98.77498,18.94354],[-98.77892,18.94187],[-98.78089,18.93984],[-98.78531,18.94116],[-98.78611,18.9429],[-98.79208,18.93534],[-98.79219,18.93425],[-98.79339,18.93377],[-98.79297,18.93296],[-98.79374,18.93105],[-98.79753,18.92404],[-98.79662,18.92316],[-98.79767,18.92063],[-98.79741,18.91948],[-98.80272,18.9126],[-98.80278,18.91097],[-98.8018,18.90903],[-98.80203,18.90734],[-98.80409,18.90508],[-98.80594,18.9048],[-98.80639,18.9017],[-98.80717,18.90041],[-98.80635,18.8998],[-98.80667,18.89768],[-98.80614,18.89614],[-98.80937,18.89141],[-98.80881,18.89051],[-98.80892,18.88847],[-98.81007,18.88659],[-98.81274,18.88437],[-98.81308,18.88105],[-98.81432,18.8816],[-98.81612,18.88118],[-98.81896,18.87893],[-98.82494,18.87891],[-98.82526,18.87037],[-98.82699,18.87005],[-98.82365,18.8594],[-98.82243,18.8594],[-98.82258,18.85861],[-98.81916,18.85878],[-98.81804,18.85976],[-98.81441,18.85961],[-98.81308,18.85331],[-98.81232,18.85238],[-98.81383,18.85217],[-98.8138,18.85116],[-98.81476,18.85116],[-98.81519,18.84915],[-98.81662,18.84904],[-98.81897,18.8473],[-98.81859,18.84613],[-98.82038,18.84491],[-98.82015,18.84454],[-98.82148,18.8441],[-98.82143,18.84286],[-98.82299,18.84286],[-98.82323,18.84168],[-98.82567,18.84155],[-98.82588,18.83992],[-98.82441,18.83976],[-98.82787,18.83841],[-98.83132,18.83432],[-98.83071,18.83453],[-98.83001,18.83351],[-98.83167,18.83279],[-98.8289,18.82833],[-98.82694,18.82635],[-98.82707,18.82582],[-98.82061,18.82116],[-98.82043,18.81976],[-98.82136,18.81913],[-98.82165,18.81735],[-98.81561,18.8126],[-98.81448,18.81267],[-98.81478,18.81373],[-98.81295,18.81457],[-98.8128,18.81565],[-98.81222,18.8154],[-98.81247,18.81598],[-98.81076,18.81646],[-98.81119,18.81774],[-98.80898,18.81877],[-98.80205,18.82524],[-98.80194,18.82724],[-98.79998,18.82984],[-98.79944,18.82968],[-98.79804,18.82569],[-98.78379,18.8192],[-98.78229,18.82078],[-98.78143,18.82304],[-98.78216,18.82487],[-98.782,18.82616],[-98.78125,18.82632],[-98.78235,18.82913],[-98.78111,18.82888],[-98.78114,18.83028],[-98.78028,18.83083],[-98.77956,18.83032],[-98.77873,18.83132],[-98.77802,18.83081],[-98.77722,18.83291],[-98.77668,18.83275],[-98.77619,18.8335],[-98.77475,18.83289],[-98.77539,18.83235],[-98.77405,18.8331],[-98.77221,18.83504],[-98.77147,18.83786],[-98.76952,18.83941],[-98.7681,18.83878],[-98.76824,18.83962],[-98.76722,18.84025],[-98.76698,18.84112],[-98.76807,18.84156],[-98.76743,18.84244],[-98.76799,18.84223],[-98.76846,18.84312],[-98.76762,18.8459],[-98.76825,18.84675],[-98.76701,18.85246],[-98.76574,18.85257],[-98.76589,18.85414],[-98.76439,18.85464],[-98.76021,18.85449],[-98.75983,18.85475],[-98.76064,18.8575],[-98.75682,18.86027],[-98.75588,18.8599],[-98.75528,18.86115],[-98.75148,18.8615],[-98.74947,18.8633],[-98.74554,18.86373],[-98.74094,18.86628],[-98.73611,18.86716],[-98.72942,18.873],[-98.72923,18.87574],[-98.73744,18.8795],[-98.73213,18.88003],[-98.72849,18.88155],[-98.73027,18.88106],[-98.73153,18.88275],[-98.73346,18.88315],[-98.73429,18.88179],[-98.73849,18.88433],[-98.73934,18.88347],[-98.74206,18.88469],[-98.74408,18.88343],[-98.74624,18.88549],[-98.74968,18.88594],[-98.745,18.89188],[-98.74332,18.89197],[-98.73978,18.89386],[-98.73999,18.89602],[-98.74106,18.89712],[-98.74041,18.89804],[-98.73969,18.89803],[-98.73912,18.89973],[-98.74168,18.90177],[-98.74349,18.90454],[-98.74572,18.90546],[-98.74519,18.90853],[-98.74389,18.90966],[-98.74587,18.91018],[-98.74638,18.91451],[-98.74921,18.91518],[-98.74934,18.91388],[-98.7551,18.91629],[-98.75646,18.91774],[-98.75568,18.91787],[-98.75735,18.92184],[-98.75429,18.92254],[-98.75279,18.92185],[-98.74987,18.92419],[-98.74526,18.92616],[-98.74155,18.93065],[-98.73995,18.93103],[-98.73878,18.9335],[-98.73723,18.93509],[-98.72627,18.94469]]]}},{"type":"Feature","properties":{"municipio":"Puente de Ixtla","cve_geo":17017},"geometry":{"type":"Polygon","coordinates":[[[-99.26872,18.45332],[-99.28015,18.45458],[-99.28157,18.45557],[-99.28192,18.45753],[-99.28317,18.45751],[-99.28408,18.45642],[-99.28575,18.45729],[-99.28555,18.45803],[-99.28741,18.45877],[-99.28776,18.45728],[-99.29132,18.45826],[-99.30424,18.45947],[-99.31006,18.45668],[-99.31069,18.45702],[-99.31215,18.45479],[-99.32837,18.45954],[-99.32838,18.46146],[-99.32941,18.46244],[-99.32924,18.4651],[-99.32984,18.46523],[-99.32926,18.46602],[-99.32881,18.47066],[-99.32826,18.48883],[-99.32941,18.48893],[-99.33561,18.48446],[-99.33561,18.48387],[-99.34556,18.4823],[-99.34606,18.48395],[-99.35268,18.48598],[-99.35071,18.47897],[-99.34345,18.46713],[-99.34699,18.46768],[-99.34647,18.46649],[-99.3574,18.46767],[-99.35505,18.47674],[-99.36424,18.48514],[-99.36418,18.49771],[-99.36295,18.49903],[-99.37238,18.50789],[-99.37633,18.51366],[-99.38014,18.52273],[-99.34475,18.52191],[-99.33851,18.56003],[-99.35855,18.55346],[-99.36235,18.56285],[-99.35552,18.56692],[-99.32762,18.56577],[-99.32849,18.57476],[-99.3305,18.58079],[-99.32752,18.58273],[-99.32702,18.58399],[-99.32735,18.58543],[-99.32876,18.58671],[-99.33351,18.58723],[-99.33401,18.59021],[-99.33745,18.59521],[-99.33612,18.60212],[-99.33458,18.61859],[-99.33395,18.62012],[-99.33442,18.62036],[-99.33363,18.62226],[-99.33609,18.622],[-99.33684,18.62261],[-99.33428,18.62433],[-99.3348,18.62561],[-99.33617,18.62484],[-99.33691,18.62588],[-99.33766,18.62947],[-99.33685,18.62958],[-99.33642,18.63046],[-99.33697,18.6308],[-99.33865,18.62956],[-99.34014,18.63157],[-99.33881,18.63217],[-99.33992,18.63382],[-99.33802,18.63394],[-99.341,18.63487],[-99.34117,18.6356],[-99.34294,18.63472],[-99.3432,18.63562],[-99.34215,18.63614],[-99.34386,18.63766],[-99.34462,18.63748],[-99.3442,18.63567],[-99.34609,18.63648],[-99.34498,18.63866],[-99.34388,18.63848],[-99.34405,18.63934],[-99.34593,18.64082],[-99.34725,18.64012],[-99.34871,18.6421],[-99.34665,18.64397],[-99.34757,18.65409],[-99.34735,18.66314],[-99.35514,18.66336],[-99.35492,18.66584],[-99.35544,18.66646],[-99.35456,18.66812],[-99.35669,18.6699],[-99.35802,18.67255],[-99.35805,18.67454],[-99.35624,18.67497],[-99.35621,18.67654],[-99.35012,18.67926],[-99.35256,18.68122],[-99.35007,18.68183],[-99.34994,18.68244],[-99.34142,18.6864],[-99.33789,18.68522],[-99.3376,18.68837],[-99.33643,18.68772],[-99.33561,18.68911],[-99.33484,18.68913],[-99.33401,18.6891],[-99.33349,18.68808],[-99.32095,18.68861],[-99.31186,18.69003],[-99.29998,18.69496],[-99.2953,18.69851],[-99.29062,18.70016],[-99.28488,18.70613],[-99.28237,18.70494],[-99.27753,18.70405],[-99.29062,18.67115],[-99.29168,18.65958],[-99.28586,18.65981],[-99.27604,18.65495],[-99.27329,18.65443],[-99.27207,18.65472],[-99.27121,18.65663],[-99.26941,18.65791],[-99.26094,18.66177],[-99.26045,18.6509],[-99.26289,18.6471],[-99.25647,18.64585],[-99.26305,18.64688],[-99.26563,18.64279],[-99.26994,18.64282],[-99.27567,18.63773],[-99.28182,18.63067],[-99.28534,18.62335],[-99.28838,18.62573],[-99.30192,18.59512],[-99.29732,18.59381],[-99.29151,18.59107],[-99.29191,18.57986],[-99.29066,18.57572],[-99.29277,18.57673],[-99.29608,18.57267],[-99.29523,18.56953],[-99.29647,18.56218],[-99.29377,18.56247],[-99.29314,18.56106],[-99.2916,18.56041],[-99.28973,18.56561],[-99.28716,18.56634],[-99.28527,18.56561],[-99.278,18.56037],[-99.27442,18.55674],[-99.27424,18.55446],[-99.27575,18.55234],[-99.27476,18.54893],[-99.27678,18.54656],[-99.2744,18.5436],[-99.27458,18.54248],[-99.27547,18.54196],[-99.27349,18.54015],[-99.27307,18.53868],[-99.2717,18.54021],[-99.2706,18.53978],[-99.26872,18.54085],[-99.26902,18.54204],[-99.26497,18.53944],[-99.26383,18.53956],[-99.26291,18.54043],[-99.26259,18.54291],[-99.26009,18.54183],[-99.26255,18.53844],[-99.25507,18.53445],[-99.24979,18.53065],[-99.24811,18.53026],[-99.24491,18.53359],[-99.24542,18.536],[-99.24618,18.5361],[-99.24572,18.53678],[-99.24306,18.53684],[-99.24139,18.53794],[-99.24074,18.53899],[-99.24186,18.53949],[-99.24125,18.54014],[-99.23978,18.53958],[-99.24029,18.54117],[-99.23965,18.54194],[-99.23872,18.54138],[-99.23773,18.54452],[-99.23567,18.54729],[-99.23522,18.54763],[-99.23516,18.5461],[-99.23468,18.54625],[-99.23403,18.54673],[-99.23457,18.54811],[-99.23157,18.54987],[-99.23073,18.55122],[-99.2302,18.55447],[-99.22867,18.55351],[-99.22966,18.55189],[-99.22918,18.55077],[-99.22823,18.55044],[-99.22929,18.54655],[-99.21977,18.54092],[-99.21908,18.53732],[-99.21353,18.53352],[-99.21242,18.53083],[-99.21269,18.52902],[-99.21195,18.52816],[-99.2117,18.52405],[-99.21072,18.52277],[-99.20866,18.523],[-99.20899,18.52219],[-99.23504,18.5012],[-99.23321,18.4871],[-99.22918,18.48068],[-99.17592,18.48845],[-99.20656,18.46569],[-99.20362,18.45649],[-99.20443,18.45528],[-99.20542,18.45659],[-99.24601,18.45643],[-99.24619,18.45171],[-99.24761,18.451],[-99.26872,18.45332]]]}},{"type":"Feature","properties":{"municipio":"Temixco","cve_geo":17018},"geometry":{"type":"Polygon","coordinates":[[[-99.21323,18.80708],[-99.21424,18.80859],[-99.21369,18.81043],[-99.21004,18.81614],[-99.21039,18.81754],[-99.20847,18.81931],[-99.20879,18.82077],[-99.20937,18.82084],[-99.20944,18.82309],[-99.20801,18.83982],[-99.20603,18.8404],[-99.20328,18.84223],[-99.20311,18.84292],[-99.20596,18.84432],[-99.20935,18.84298],[-99.21289,18.84276],[-99.21519,18.84184],[-99.21756,18.84206],[-99.22049,18.85228],[-99.22101,18.86219],[-99.22395,18.86304],[-99.2232,18.86464],[-99.22684,18.86718],[-99.22603,18.86844],[-99.22736,18.87006],[-99.22697,18.87226],[-99.22791,18.87267],[-99.22789,18.87439],[-99.22986,18.87607],[-99.23075,18.8778],[-99.23092,18.87977],[-99.23177,18.88112],[-99.23103,18.88239],[-99.23268,18.88663],[-99.23294,18.8894],[-99.23356,18.89044],[-99.23505,18.89071],[-99.23539,18.89139],[-99.23312,18.89223],[-99.23553,18.89361],[-99.23514,18.89519],[-99.23601,18.89597],[-99.23605,18.89707],[-99.2373,18.89817],[-99.23908,18.898],[-99.24332,18.89597],[-99.25007,18.89387],[-99.25665,18.89067],[-99.25861,18.89486],[-99.25797,18.89504],[-99.25862,18.89596],[-99.25851,18.89745],[-99.26186,18.90058],[-99.26206,18.90182],[-99.2608,18.90298],[-99.26097,18.90393],[-99.26265,18.90307],[-99.27087,18.90262],[-99.28182,18.91525],[-99.29066,18.92177],[-99.29165,18.92149],[-99.28872,18.91917],[-99.28915,18.91789],[-99.2883,18.91739],[-99.28776,18.91481],[-99.28712,18.91468],[-99.28701,18.91414],[-99.28858,18.91396],[-99.28806,18.91074],[-99.28893,18.90965],[-99.28794,18.90763],[-99.28816,18.90433],[-99.28726,18.90345],[-99.28602,18.90355],[-99.28663,18.90223],[-99.28576,18.90113],[-99.30137,18.90099],[-99.2941,18.89319],[-99.28367,18.89457],[-99.28459,18.89139],[-99.28295,18.88859],[-99.28277,18.88621],[-99.28081,18.88307],[-99.28877,18.87913],[-99.28494,18.87416],[-99.28397,18.87155],[-99.28422,18.87074],[-99.28307,18.87018],[-99.28288,18.86874],[-99.28102,18.86776],[-99.28162,18.86687],[-99.27989,18.86757],[-99.27893,18.86699],[-99.27954,18.86374],[-99.27885,18.86157],[-99.27794,18.86089],[-99.2777,18.86173],[-99.27686,18.86201],[-99.27658,18.86083],[-99.27656,18.85924],[-99.27739,18.85773],[-99.27645,18.85639],[-99.27157,18.85338],[-99.27267,18.85138],[-99.27105,18.85026],[-99.27082,18.84904],[-99.27204,18.8476],[-99.2734,18.84375],[-99.2765,18.84198],[-99.27846,18.843],[-99.28401,18.84328],[-99.28674,18.84425],[-99.29015,18.84193],[-99.29518,18.84288],[-99.30006,18.84662],[-99.30526,18.8495],[-99.30816,18.85264],[-99.30869,18.85178],[-99.31498,18.8586],[-99.31939,18.86659],[-99.32089,18.86653],[-99.32148,18.86762],[-99.32501,18.86668],[-99.32617,18.86795],[-99.32997,18.86671],[-99.32993,18.86341],[-99.32879,18.86236],[-99.32995,18.8613],[-99.32945,18.86085],[-99.35231,18.84229],[-99.34841,18.83074],[-99.33543,18.82283],[-99.33094,18.82309],[-99.31901,18.81652],[-99.31224,18.81547],[-99.3109,18.81246],[-99.30898,18.81281],[-99.29971,18.80154],[-99.28814,18.79545],[-99.28834,18.79086],[-99.2878,18.78973],[-99.28963,18.7876],[-99.28838,18.78694],[-99.2887,18.78605],[-99.28665,18.78457],[-99.28632,18.78223],[-99.28473,18.78197],[-99.2861,18.78091],[-99.28671,18.78116],[-99.28196,18.77417],[-99.27686,18.77351],[-99.25205,18.78226],[-99.2503,18.7841],[-99.25082,18.78533],[-99.25263,18.7855],[-99.25335,18.78618],[-99.25376,18.78816],[-99.25607,18.79112],[-99.25808,18.79034],[-99.2576,18.79085],[-99.25835,18.79125],[-99.25794,18.79251],[-99.26236,18.79899],[-99.26131,18.80038],[-99.26402,18.80144],[-99.26433,18.80394],[-99.26586,18.80656],[-99.26771,18.80654],[-99.26781,18.80949],[-99.26915,18.81005],[-99.26709,18.81261],[-99.26696,18.82342],[-99.25559,18.82451],[-99.25303,18.82651],[-99.25086,18.82666],[-99.24956,18.82593],[-99.24646,18.8268],[-99.24083,18.81774],[-99.23938,18.81779],[-99.23918,18.81731],[-99.24029,18.81726],[-99.23515,18.80974],[-99.2339,18.80945],[-99.23365,18.81025],[-99.22873,18.81155],[-99.22231,18.80866],[-99.21767,18.80802],[-99.2161,18.80699],[-99.21592,18.80754],[-99.21323,18.80708]]]}},{"type":"Feature","properties":{"municipio":"Tepalcingo","cve_geo":17019},"geometry":{"type":"Polygon","coordinates":[[[-98.81051,18.5192],[-98.8123,18.51958],[-98.81243,18.52034],[-98.81641,18.51818],[-98.81775,18.52093],[-98.82063,18.51946],[-98.82155,18.52108],[-98.82415,18.52093],[-98.8252,18.52256],[-98.82758,18.52397],[-98.82684,18.52258],[-98.82823,18.52201],[-98.83027,18.52219],[-98.83132,18.52097],[-98.83455,18.52117],[-98.83547,18.51969],[-98.83646,18.51931],[-98.84034,18.51277],[-98.84029,18.51101],[-98.83851,18.50691],[-98.84185,18.50726],[-98.84341,18.50588],[-98.84295,18.50516],[-98.84149,18.50516],[-98.83951,18.50383],[-98.83911,18.50199],[-98.83834,18.50154],[-98.83707,18.49869],[-98.83756,18.49584],[-98.83645,18.49458],[-98.84192,18.4924],[-98.84436,18.49026],[-98.84458,18.48757],[-98.84542,18.4874],[-98.8445,18.48589],[-98.84525,18.48463],[-98.84451,18.48324],[-98.84609,18.4832],[-98.84582,18.4819],[-98.84719,18.48166],[-98.85085,18.47774],[-98.85074,18.4783],[-98.85181,18.47877],[-98.85749,18.47705],[-98.86044,18.47756],[-98.86102,18.47712],[-98.86428,18.47963],[-98.8656,18.47962],[-98.86617,18.47856],[-98.86738,18.47846],[-98.86842,18.47912],[-98.87058,18.4792],[-98.87287,18.47672],[-98.87472,18.47681],[-98.87944,18.47492],[-98.87995,18.47357],[-98.88246,18.47369],[-98.88503,18.47189],[-98.88637,18.47219],[-98.8897,18.46989],[-98.89351,18.46906],[-98.8969,18.46594],[-98.90697,18.46266],[-98.91222,18.46212],[-98.91222,18.46065],[-98.91164,18.46025],[-98.90868,18.46043],[-98.90541,18.45974],[-98.90981,18.45903],[-98.91326,18.45947],[-98.91451,18.45887],[-98.91521,18.45735],[-98.93581,18.48339],[-98.95995,18.49274],[-98.96842,18.49665],[-98.9671,18.52374],[-98.98542,18.52548],[-98.98407,18.5297],[-98.98393,18.53315],[-98.98772,18.53817],[-98.99078,18.53962],[-98.99545,18.53943],[-98.99597,18.55521],[-98.9972,18.56922],[-99.00768,18.57468],[-99.01699,18.57726],[-99.01346,18.58852],[-99.00642,18.59206],[-98.98436,18.59109],[-98.9721,18.59591],[-98.97259,18.6029],[-98.9722,18.61594],[-98.97614,18.62458],[-98.97987,18.62828],[-98.97522,18.63448],[-98.97381,18.63543],[-98.97431,18.63632],[-98.97273,18.63735],[-98.97275,18.63854],[-98.97178,18.63908],[-98.97131,18.63868],[-98.97226,18.64061],[-98.96884,18.64066],[-98.96702,18.6422],[-98.96762,18.64348],[-98.96496,18.64402],[-98.96471,18.64626],[-98.9628,18.64592],[-98.96256,18.64681],[-98.96104,18.64759],[-98.96164,18.64843],[-98.95973,18.64809],[-98.9604,18.64865],[-98.96024,18.64965],[-98.95916,18.65004],[-98.9585,18.65468],[-98.95921,18.65595],[-98.96059,18.65689],[-98.96193,18.6592],[-98.96436,18.65729],[-98.96558,18.65705],[-98.96634,18.6553],[-98.96813,18.65566],[-98.96759,18.66045],[-98.96356,18.6615],[-98.95732,18.66105],[-98.95593,18.66171],[-98.95432,18.66422],[-98.95475,18.66553],[-98.95431,18.66607],[-98.95045,18.66617],[-98.94974,18.63149],[-98.95247,18.63089],[-98.95426,18.6261],[-98.93223,18.62034],[-98.92458,18.62008],[-98.93704,18.64944],[-98.94274,18.66003],[-98.93702,18.67056],[-98.93728,18.67109],[-98.93416,18.67265],[-98.93085,18.67305],[-98.93123,18.67558],[-98.93064,18.67608],[-98.92912,18.67597],[-98.92845,18.67692],[-98.92739,18.67545],[-98.92377,18.67403],[-98.91952,18.67608],[-98.91879,18.67557],[-98.91332,18.67712],[-98.91326,18.67872],[-98.91234,18.67907],[-98.90949,18.67808],[-98.90667,18.67792],[-98.90235,18.67607],[-98.9009,18.67623],[-98.89865,18.67493],[-98.89021,18.67528],[-98.89063,18.67552],[-98.89024,18.67585],[-98.8895,18.67509],[-98.88839,18.67577],[-98.88755,18.67515],[-98.88617,18.67558],[-98.88515,18.6751],[-98.88439,18.67587],[-98.88298,18.6742],[-98.88062,18.67449],[-98.8796,18.67358],[-98.87809,18.67346],[-98.87732,18.67413],[-98.87609,18.67207],[-98.87345,18.67409],[-98.87125,18.67312],[-98.8706,18.67177],[-98.8675,18.67383],[-98.86576,18.67272],[-98.86402,18.67395],[-98.86255,18.67385],[-98.8614,18.67287],[-98.85785,18.67447],[-98.85708,18.67243],[-98.85622,18.67317],[-98.85433,18.67329],[-98.85249,18.67208],[-98.85234,18.67422],[-98.85071,18.67284],[-98.85006,18.6732],[-98.85054,18.67439],[-98.84886,18.67398],[-98.84936,18.67522],[-98.84801,18.67507],[-98.84844,18.67637],[-98.84755,18.67698],[-98.84792,18.67768],[-98.84607,18.67782],[-98.84492,18.68135],[-98.84209,18.68125],[-98.82174,18.65379],[-98.8199,18.6527],[-98.81938,18.64848],[-98.81811,18.64802],[-98.81947,18.64545],[-98.82109,18.64403],[-98.81997,18.64221],[-98.82197,18.6412],[-98.828,18.64162],[-98.82835,18.64033],[-98.82982,18.64164],[-98.83185,18.64207],[-98.83466,18.63231],[-98.78046,18.60487],[-98.76487,18.59264],[-98.76178,18.5885],[-98.75945,18.58285],[-98.79864,18.57974],[-98.79842,18.56908],[-98.7975,18.56573],[-98.81138,18.56946],[-98.8154,18.56954],[-98.81924,18.57098],[-98.81652,18.5652],[-98.81466,18.56342],[-98.81571,18.56199],[-98.81535,18.56007],[-98.8134,18.55786],[-98.81355,18.55552],[-98.8122,18.55438],[-98.81142,18.54927],[-98.81078,18.54839],[-98.81117,18.54724],[-98.81019,18.54447],[-98.81115,18.54402],[-98.81335,18.54059],[-98.81477,18.53973],[-98.81539,18.53749],[-98.81428,18.53501],[-98.8158,18.53391],[-98.8151,18.53342],[-98.81505,18.53189],[-98.81289,18.53101],[-98.81306,18.52997],[-98.81381,18.52987],[-98.81379,18.52718],[-98.81201,18.52622],[-98.80779,18.5206],[-98.81051,18.5192]]]}},{"type":"Feature","properties":{"municipio":"Tepoztlán","cve_geo":17020},"geometry":{"type":"Polygon","coordinates":[[[-99.06209,19.04872],[-99.12543,19.06206],[-99.13538,19.0893],[-99.14828,19.05033],[-99.16542,19.02377],[-99.19335,19.00074],[-99.18871,18.99347],[-99.18304,18.98204],[-99.18116,18.97242],[-99.18438,18.93667],[-99.17384,18.93013],[-99.15918,18.91904],[-99.15784,18.91793],[-99.15775,18.91703],[-99.15285,18.91271],[-99.14988,18.90843],[-99.13459,18.89764],[-99.13057,18.89609],[-99.12781,18.89723],[-99.12666,18.89847],[-99.12321,18.8967],[-99.11906,18.89698],[-99.11611,18.8983],[-99.1161,18.89782],[-99.10701,18.90264],[-99.10696,18.90465],[-99.10675,18.90346],[-99.10494,18.90291],[-99.10486,18.90389],[-99.10415,18.90383],[-99.10488,18.90542],[-99.1026,18.90396],[-99.10197,18.90592],[-99.10687,18.90668],[-99.10916,18.9081],[-99.09575,18.91562],[-99.06046,18.9227],[-99.05285,18.92621],[-99.04308,18.92591],[-99.04242,18.92537],[-99.03707,18.92606],[-99.03387,18.92523],[-99.03317,18.92558],[-99.03186,18.92463],[-99.0284,18.92555],[-99.02782,18.92934],[-99.02896,18.93197],[-99.02742,18.93491],[-99.02636,18.93543],[-99.02723,18.93626],[-99.02692,18.93687],[-99.02819,18.93771],[-99.02713,18.94169],[-99.02617,18.94172],[-99.02576,18.94509],[-99.02477,18.9463],[-99.02285,18.94754],[-99.0195,18.94812],[-99.01601,18.96068],[-99.01458,18.97969],[-99.01592,18.98191],[-99.01802,18.99629],[-99.03058,19.00018],[-99.03029,19.00732],[-99.03333,19.00986],[-99.03598,19.01682],[-99.06209,19.04872]]]}},{"type":"Feature","properties":{"municipio":"Tetecala","cve_geo":17021},"geometry":{"type":"Polygon","coordinates":[[[-99.41078,18.65486],[-99.41275,18.65177],[-99.41406,18.65028],[-99.41515,18.65001],[-99.41792,18.64651],[-99.41828,18.64386],[-99.42241,18.63493],[-99.42093,18.63446],[-99.4202,18.63349],[-99.4194,18.63412],[-99.41708,18.6317],[-99.4191,18.62783],[-99.42058,18.62766],[-99.42132,18.62975],[-99.42364,18.63226],[-99.42434,18.63065],[-99.42359,18.62819],[-99.42554,18.62785],[-99.4288,18.63082],[-99.42677,18.63281],[-99.42723,18.63458],[-99.42906,18.63463],[-99.42933,18.63675],[-99.42782,18.63779],[-99.42841,18.63983],[-99.42677,18.64155],[-99.42732,18.64222],[-99.43004,18.64193],[-99.43204,18.63901],[-99.43394,18.64112],[-99.4352,18.64074],[-99.43631,18.63773],[-99.43749,18.6375],[-99.43865,18.63586],[-99.44432,18.63289],[-99.44552,18.63566],[-99.44867,18.63759],[-99.44841,18.63984],[-99.45251,18.64061],[-99.4531,18.64327],[-99.45,18.64511],[-99.4453,18.64616],[-99.44356,18.64727],[-99.44326,18.64822],[-99.44157,18.64876],[-99.43795,18.64809],[-99.43759,18.64907],[-99.44088,18.65102],[-99.44353,18.65474],[-99.44572,18.65513],[-99.4458,18.65432],[-99.44664,18.65431],[-99.4477,18.65583],[-99.44691,18.65774],[-99.44845,18.65976],[-99.4357,18.6753],[-99.44201,18.68392],[-99.46297,18.69217],[-99.46818,18.69594],[-99.45829,18.70663],[-99.44804,18.70475],[-99.44756,18.7053],[-99.44791,18.70666],[-99.44688,18.70581],[-99.44427,18.70576],[-99.444,18.70454],[-99.44731,18.70436],[-99.43916,18.70071],[-99.43223,18.7155],[-99.42383,18.72988],[-99.42504,18.73019],[-99.42455,18.73092],[-99.42342,18.73094],[-99.42283,18.73197],[-99.42316,18.73282],[-99.42091,18.73509],[-99.41957,18.73553],[-99.41824,18.73848],[-99.41487,18.74141],[-99.41341,18.74511],[-99.40345,18.74826],[-99.40089,18.74668],[-99.40053,18.74429],[-99.39938,18.74427],[-99.3977,18.74216],[-99.39354,18.7391],[-99.39201,18.73991],[-99.38387,18.73956],[-99.3856,18.73939],[-99.38447,18.73876],[-99.38362,18.73596],[-99.38277,18.73543],[-99.38379,18.73356],[-99.38193,18.73388],[-99.3848,18.72928],[-99.37993,18.72347],[-99.38113,18.72231],[-99.38027,18.72178],[-99.38143,18.72038],[-99.38045,18.72081],[-99.3809,18.71928],[-99.37935,18.72],[-99.37524,18.717],[-99.3734,18.71636],[-99.36829,18.71285],[-99.36592,18.7095],[-99.36444,18.71073],[-99.36131,18.70554],[-99.35893,18.70343],[-99.36087,18.69887],[-99.35876,18.69792],[-99.35541,18.69812],[-99.36406,18.68841],[-99.37044,18.69194],[-99.37178,18.69205],[-99.37228,18.694],[-99.37341,18.6931],[-99.37412,18.69462],[-99.37553,18.69406],[-99.37628,18.69267],[-99.37689,18.69266],[-99.37789,18.6901],[-99.37946,18.68894],[-99.37918,18.68715],[-99.37857,18.68686],[-99.37947,18.6848],[-99.37906,18.68316],[-99.37801,18.68237],[-99.37811,18.68094],[-99.37971,18.68118],[-99.39296,18.67926],[-99.39313,18.66558],[-99.39894,18.6661],[-99.39919,18.66192],[-99.40926,18.65726],[-99.41078,18.65486]]]}},{"type":"Feature","properties":{"municipio":"Tetela del Volcán","cve_geo":17022},"geometry":{"type":"Polygon","coordinates":[[[-98.66626,19.0013],[-98.69093,18.96757],[-98.69021,18.96659],[-98.69374,18.9662],[-98.69635,18.96421],[-98.70056,18.95927],[-98.69989,18.95778],[-98.70145,18.9548],[-98.70486,18.95317],[-98.70563,18.95183],[-98.70778,18.95064],[-98.70845,18.94895],[-98.7135,18.94349],[-98.71633,18.94241],[-98.72117,18.94436],[-98.72627,18.94469],[-98.73723,18.93509],[-98.73878,18.9335],[-98.73995,18.93103],[-98.74155,18.93065],[-98.74526,18.92616],[-98.74987,18.92419],[-98.75279,18.92185],[-98.75429,18.92254],[-98.75735,18.92184],[-98.75568,18.91787],[-98.75646,18.91774],[-98.7551,18.91629],[-98.74934,18.91388],[-98.74921,18.91518],[-98.74638,18.91451],[-98.74587,18.91018],[-98.74389,18.90966],[-98.74519,18.90853],[-98.74572,18.90546],[-98.74349,18.90454],[-98.74168,18.90177],[-98.73912,18.89973],[-98.73969,18.89803],[-98.74041,18.89804],[-98.74106,18.89712],[-98.73999,18.89602],[-98.73978,18.89386],[-98.74332,18.89197],[-98.745,18.89188],[-98.74968,18.88594],[-98.74624,18.88549],[-98.74408,18.88343],[-98.74206,18.88469],[-98.73934,18.88347],[-98.73849,18.88433],[-98.73429,18.88179],[-98.73346,18.88315],[-98.73153,18.88275],[-98.73027,18.88106],[-98.72849,18.88155],[-98.73213,18.88003],[-98.73744,18.8795],[-98.72923,18.87574],[-98.72942,18.873],[-98.73611,18.86716],[-98.74094,18.86628],[-98.74554,18.86373],[-98.74947,18.8633],[-98.75148,18.8615],[-98.75528,18.86115],[-98.75588,18.8599],[-98.75682,18.86027],[-98.76064,18.8575],[-98.75983,18.85475],[-98.76021,18.85449],[-98.76439,18.85464],[-98.76589,18.85414],[-98.76574,18.85257],[-98.76701,18.85246],[-98.76825,18.84675],[-98.76762,18.8459],[-98.76846,18.84312],[-98.76799,18.84223],[-98.76743,18.84244],[-98.76807,18.84156],[-98.76698,18.84112],[-98.76722,18.84025],[-98.76824,18.83962],[-98.7681,18.83878],[-98.76952,18.83941],[-98.77147,18.83786],[-98.77221,18.83504],[-98.77539,18.83235],[-98.77277,18.83148],[-98.75299,18.82853],[-98.75084,18.83206],[-98.74934,18.83349],[-98.74828,18.83315],[-98.74755,18.83474],[-98.74833,18.83512],[-98.7463,18.83776],[-98.73627,18.83599],[-98.7329,18.83504],[-98.73288,18.83398],[-98.73347,18.83316],[-98.73308,18.8315],[-98.7336,18.82918],[-98.73469,18.82634],[-98.73552,18.82622],[-98.73483,18.82571],[-98.73522,18.82476],[-98.73645,18.82341],[-98.73614,18.82224],[-98.7241,18.82084],[-98.72199,18.83874],[-98.7176,18.8656],[-98.71466,18.86633],[-98.71346,18.86723],[-98.71341,18.87053],[-98.71411,18.87283],[-98.71382,18.87653],[-98.71294,18.87791],[-98.71194,18.87791],[-98.71093,18.8788],[-98.70981,18.88303],[-98.70828,18.88609],[-98.70713,18.88676],[-98.70561,18.89093],[-98.70605,18.89414],[-98.70751,18.89565],[-98.70783,18.89758],[-98.7068,18.89839],[-98.70714,18.90257],[-98.70676,18.90315],[-98.70466,18.90313],[-98.70111,18.90484],[-98.69918,18.90755],[-98.6992,18.90993],[-98.69681,18.91249],[-98.69534,18.91336],[-98.69369,18.91343],[-98.69364,18.91462],[-98.69084,18.91417],[-98.68901,18.91521],[-98.6871,18.91542],[-98.6867,18.91486],[-98.68639,18.91616],[-98.68457,18.91708],[-98.68346,18.9192],[-98.67802,18.92377],[-98.67731,18.93164],[-98.67566,18.93669],[-98.67533,18.94059],[-98.67611,18.94407],[-98.67501,18.94549],[-98.67377,18.95016],[-98.67439,18.95171],[-98.67141,18.95375],[-98.67033,18.95559],[-98.66778,18.95638],[-98.66585,18.9598],[-98.66389,18.96148],[-98.66162,18.96968],[-98.65981,18.97079],[-98.65795,18.9742],[-98.65722,18.97851],[-98.65605,18.97992],[-98.65553,18.98267],[-98.65331,18.98487],[-98.65125,18.98842],[-98.65113,18.99162],[-98.65016,18.99395],[-98.65034,18.99805],[-98.64961,18.99958],[-98.64764,19.00209],[-98.63855,19.00768],[-98.63497,19.01161],[-98.63295,19.01555],[-98.6522,19.00599],[-98.65846,19.00417],[-98.66447,19.00356],[-98.66626,19.0013]]]}},{"type":"Feature","properties":{"municipio":"Tlalnepantla","cve_geo":17023},"geometry":{"type":"Polygon","coordinates":[[[-99.06148,19.04908],[-99.06209,19.04872],[-99.03598,19.01682],[-99.03333,19.00986],[-99.03029,19.00732],[-99.03058,19.00018],[-99.01802,18.99629],[-99.01592,18.98191],[-99.01458,18.97969],[-99.01456,18.97527],[-99.00816,18.98034],[-99.00826,18.98101],[-99.00512,18.98179],[-99.00421,18.98399],[-99.00226,18.98502],[-99.00147,18.9843],[-99.00116,18.98492],[-99.00171,18.9853],[-99.00065,18.9854],[-99.00058,18.98665],[-98.99822,18.98783],[-98.9934,18.98595],[-98.98675,18.98715],[-98.98666,18.98772],[-98.9862,18.98684],[-98.98466,18.9868],[-98.98353,18.98755],[-98.98306,18.99035],[-98.98171,18.99129],[-98.98144,18.99291],[-98.9804,18.99231],[-98.98011,18.99454],[-98.98097,18.99753],[-98.98055,18.99898],[-98.97913,18.99918],[-98.97767,18.9982],[-98.9762,19.00121],[-98.97674,19.00194],[-98.97201,19.01593],[-98.97154,19.01141],[-98.96873,19.00866],[-98.96518,19.00857],[-98.96671,19.00558],[-98.96441,19.00443],[-98.96357,19.00639],[-98.9623,19.00608],[-98.96281,19.00242],[-98.96148,19.00214],[-98.96068,19.00508],[-98.95898,19.00464],[-98.95872,19.00504],[-98.95697,19.02201],[-98.95585,19.0268],[-98.94571,19.02232],[-98.94333,19.02064],[-98.94119,19.0182],[-98.93535,19.00866],[-98.93482,19.0059],[-98.93228,19.00298],[-98.92513,19.02739],[-98.92506,19.03043],[-98.92686,19.03582],[-98.92436,19.03731],[-98.91727,19.03964],[-98.91333,19.03867],[-98.90339,19.03848],[-98.91706,19.05943],[-98.91519,19.06026],[-98.9156,19.06406],[-98.94435,19.06973],[-98.95778,19.06029],[-98.96923,19.0659],[-98.98359,19.07876],[-99.02899,19.08537],[-99.04321,19.07576],[-99.05665,19.05346],[-99.05868,19.05071],[-99.06148,19.04908]]]}},{"type":"Feature","properties":{"municipio":"Tlaltizapán de Zapata","cve_geo":17024},"geometry":{"type":"Polygon","coordinates":[[[-99.17734,18.66976],[-99.17627,18.66917],[-99.17474,18.67067],[-99.17324,18.67093],[-99.17097,18.67382],[-99.16809,18.67493],[-99.1679,18.67602],[-99.16223,18.67537],[-99.16166,18.67679],[-99.15822,18.6795],[-99.15878,18.66174],[-99.1474,18.65771],[-99.14654,18.65694],[-99.14523,18.65722],[-99.12085,18.64832],[-99.11736,18.65192],[-99.11691,18.66149],[-99.10779,18.65637],[-99.10315,18.65014],[-99.098,18.64534],[-99.09356,18.6465],[-99.09089,18.64228],[-99.09093,18.63963],[-99.08902,18.63496],[-99.08853,18.62743],[-99.08587,18.6242],[-99.08463,18.62064],[-99.08489,18.61773],[-99.08214,18.61473],[-99.07916,18.60851],[-99.07801,18.60266],[-99.07899,18.59971],[-99.0769,18.59591],[-99.07692,18.59399],[-99.07518,18.59026],[-99.07466,18.58629],[-99.07321,18.58351],[-99.06593,18.58121],[-99.06709,18.58335],[-99.06543,18.58456],[-99.05893,18.58283],[-99.05414,18.58368],[-99.05298,18.58246],[-99.04969,18.58542],[-99.04663,18.58633],[-99.04568,18.58542],[-99.04812,18.58217],[-99.04785,18.58094],[-99.04527,18.57881],[-99.0448,18.57921],[-99.04236,18.5783],[-99.04027,18.57904],[-99.03954,18.58146],[-99.04005,18.58262],[-99.0417,18.58518],[-99.04452,18.58461],[-99.04427,18.58784],[-99.0419,18.58904],[-99.03843,18.58601],[-99.03681,18.58563],[-99.03605,18.5857],[-99.0346,18.58747],[-99.03378,18.58748],[-99.03519,18.58858],[-99.03715,18.5884],[-99.03857,18.58927],[-99.03968,18.59126],[-99.03875,18.59271],[-99.03956,18.59468],[-99.0365,18.59842],[-99.0362,18.59982],[-99.03826,18.60075],[-99.03921,18.59952],[-99.04087,18.60084],[-99.03878,18.60224],[-99.0349,18.60326],[-99.03385,18.6013],[-99.03261,18.60029],[-99.03195,18.60073],[-99.03255,18.60542],[-99.03197,18.60544],[-99.03266,18.60596],[-99.03249,18.60671],[-99.03278,18.6073],[-99.03525,18.60635],[-99.0365,18.61086],[-99.03599,18.61141],[-99.03327,18.60994],[-99.03199,18.61035],[-99.02947,18.60933],[-99.02811,18.61415],[-99.0261,18.61575],[-99.02536,18.61726],[-99.02538,18.618],[-99.02634,18.61865],[-99.0275,18.6179],[-99.0275,18.62058],[-99.02343,18.62322],[-99.02127,18.62273],[-99.02008,18.62391],[-99.02239,18.62571],[-99.02218,18.6282],[-99.02042,18.63127],[-99.01648,18.62947],[-99.01426,18.62934],[-99.01426,18.62888],[-99.01277,18.62875],[-99.01139,18.62943],[-99.01051,18.63011],[-99.0106,18.63214],[-99.01678,18.63258],[-99.01524,18.63521],[-99.01399,18.63517],[-99.01034,18.63241],[-99.00907,18.6321],[-99.00861,18.63292],[-99.00998,18.63575],[-99.00083,18.63798],[-99.00113,18.64092],[-98.99986,18.64463],[-98.99932,18.64466],[-98.9979,18.64267],[-98.99586,18.64373],[-98.99586,18.64562],[-98.99851,18.647],[-98.99853,18.64651],[-98.99975,18.64673],[-99.0,18.64887],[-99.00267,18.6496],[-99.00236,18.6517],[-99.00103,18.6516],[-99.0007,18.65609],[-98.99868,18.65883],[-98.99772,18.66316],[-98.99796,18.66548],[-99.0045,18.66498],[-99.01663,18.66786],[-99.03196,18.67627],[-99.03188,18.67476],[-99.03611,18.66575],[-99.04107,18.66597],[-99.04194,18.6651],[-99.04422,18.66599],[-99.04595,18.66847],[-99.04745,18.66712],[-99.05185,18.66783],[-99.05084,18.6731],[-99.05207,18.6738],[-99.05368,18.67363],[-99.05649,18.67655],[-99.06064,18.67526],[-99.06117,18.67567],[-99.06187,18.66626],[-99.07983,18.66313],[-99.08239,18.66349],[-99.08717,18.6625],[-99.08821,18.66143],[-99.09055,18.66104],[-99.09228,18.6621],[-99.09191,18.66334],[-99.0937,18.66407],[-99.09268,18.66611],[-99.09175,18.66665],[-99.09456,18.66814],[-99.09463,18.66929],[-99.09383,18.66979],[-99.09462,18.67071],[-99.09351,18.67183],[-99.08722,18.66976],[-99.08656,18.67474],[-99.08569,18.67669],[-99.08625,18.67757],[-99.08424,18.67834],[-99.08394,18.6796],[-99.08245,18.68081],[-99.08465,18.68124],[-99.08244,18.68316],[-99.08211,18.68424],[-99.08331,18.68382],[-99.08382,18.68434],[-99.0856,18.6835],[-99.08683,18.6838],[-99.09142,18.69185],[-99.09259,18.70592],[-99.06678,18.71121],[-99.07513,18.72417],[-99.07794,18.74957],[-99.07807,18.75179],[-99.07696,18.75447],[-99.07762,18.75912],[-99.08346,18.77125],[-99.08692,18.77098],[-99.08745,18.77465],[-99.0865,18.77984],[-99.08618,18.79086],[-99.09389,18.79031],[-99.09462,18.79088],[-99.09336,18.79541],[-99.09288,18.80107],[-99.09043,18.8043],[-99.09056,18.8056],[-99.09123,18.80633],[-99.09543,18.80747],[-99.09505,18.80938],[-99.09742,18.81287],[-99.10046,18.81528],[-99.10582,18.82159],[-99.11012,18.82333],[-99.11034,18.82394],[-99.11233,18.82423],[-99.11718,18.82965],[-99.12244,18.82931],[-99.12445,18.83059],[-99.12554,18.83044],[-99.12783,18.82834],[-99.13107,18.82745],[-99.1374,18.82774],[-99.14157,18.82629],[-99.14372,18.82628],[-99.14625,18.82776],[-99.15442,18.80879],[-99.15763,18.80993],[-99.16069,18.80443],[-99.1616,18.80033],[-99.16053,18.79405],[-99.15644,18.79003],[-99.14872,18.78678],[-99.14779,18.77354],[-99.1467,18.76693],[-99.14786,18.75905],[-99.17321,18.74738],[-99.17534,18.7469],[-99.17422,18.74703],[-99.17423,18.74521],[-99.17708,18.74204],[-99.18075,18.74494],[-99.18152,18.74463],[-99.18279,18.74549],[-99.18506,18.75148],[-99.18713,18.75407],[-99.19081,18.7551],[-99.19123,18.75616],[-99.19043,18.75725],[-99.19027,18.75966],[-99.19088,18.76056],[-99.1938,18.76116],[-99.19432,18.76181],[-99.19474,18.76102],[-99.19608,18.76158],[-99.19669,18.76019],[-99.1925,18.7522],[-99.19405,18.75122],[-99.19334,18.74809],[-99.19368,18.74738],[-99.19168,18.74698],[-99.19221,18.74314],[-99.18831,18.72724],[-99.19303,18.72603],[-99.19371,18.71648],[-99.19263,18.71662],[-99.19203,18.71314],[-99.18996,18.71198],[-99.191,18.71148],[-99.18943,18.71031],[-99.18884,18.70901],[-99.18931,18.70857],[-99.18857,18.70804],[-99.19157,18.70404],[-99.1965,18.70736],[-99.19958,18.68979],[-99.19943,18.68382],[-99.19231,18.68364],[-99.18941,18.68524],[-99.18852,18.67925],[-99.19015,18.67716],[-99.19059,18.67397],[-99.19433,18.66986],[-99.19326,18.66717],[-99.1913,18.66768],[-99.18927,18.67059],[-99.18675,18.67104],[-99.1857,18.67188],[-99.18355,18.67168],[-99.18364,18.67081],[-99.18208,18.67039],[-99.18172,18.67251],[-99.18062,18.67249],[-99.18167,18.66803],[-99.17786,18.67126],[-99.177,18.67102],[-99.17734,18.66976]]]}},{"type":"Feature","properties":{"municipio":"Tlaquiltenango","cve_geo":17025},"geometry":{"type":"Polygon","coordinates":[[[-99.17543,18.63969],[-99.17686,18.63582],[-99.17768,18.6297],[-99.18459,18.63433],[-99.18476,18.63632],[-99.18708,18.63865],[-99.18834,18.63782],[-99.18925,18.63506],[-99.18762,18.63424],[-99.18657,18.63268],[-99.18372,18.62541],[-99.17741,18.6201],[-99.17724,18.62075],[-99.17415,18.61992],[-99.17362,18.62116],[-99.17231,18.62082],[-99.17123,18.62224],[-99.17016,18.62099],[-99.16833,18.61841],[-99.1674,18.61427],[-99.16765,18.6118],[-99.16428,18.60998],[-99.16605,18.60822],[-99.1643,18.6073],[-99.16539,18.60437],[-99.16366,18.60396],[-99.16238,18.60182],[-99.15987,18.59975],[-99.15171,18.59856],[-99.15197,18.5785],[-99.14787,18.57234],[-99.15327,18.55962],[-99.15215,18.55435],[-99.16285,18.5314],[-99.16525,18.53128],[-99.16607,18.53213],[-99.1705,18.53317],[-99.17403,18.53195],[-99.17536,18.53313],[-99.1761,18.53771],[-99.1775,18.5383],[-99.17973,18.53768],[-99.18194,18.53609],[-99.18271,18.53435],[-99.18555,18.53345],[-99.18718,18.53181],[-99.18987,18.53227],[-99.19045,18.5307],[-99.19012,18.52612],[-99.18905,18.52397],[-99.19119,18.52194],[-99.19159,18.52041],[-99.19335,18.52193],[-99.19515,18.52495],[-99.19562,18.52662],[-99.19441,18.53019],[-99.19656,18.53142],[-99.20307,18.52744],[-99.20354,18.52671],[-99.20331,18.52338],[-99.20866,18.523],[-99.20899,18.52219],[-99.23504,18.5012],[-99.23321,18.4871],[-99.22918,18.48068],[-99.17592,18.48845],[-99.20656,18.46569],[-99.20362,18.45649],[-99.20667,18.44743],[-99.18882,18.43521],[-99.1779,18.42475],[-99.1812,18.43582],[-99.18234,18.43613],[-99.18168,18.43775],[-99.1818,18.43831],[-99.18238,18.43754],[-99.18197,18.43875],[-99.18259,18.43931],[-99.18133,18.44834],[-99.18028,18.44877],[-99.17716,18.44799],[-99.17689,18.44862],[-99.17896,18.45085],[-99.17784,18.45105],[-99.17256,18.45506],[-99.17048,18.45522],[-99.16782,18.45872],[-99.16372,18.46186],[-99.16394,18.46263],[-99.16183,18.46292],[-99.16031,18.46433],[-99.15962,18.46355],[-99.15846,18.46362],[-99.15613,18.46635],[-99.14912,18.46744],[-99.14728,18.46661],[-99.1468,18.46488],[-99.14511,18.46541],[-99.14484,18.46691],[-99.14407,18.46659],[-99.14356,18.46514],[-99.14241,18.46529],[-99.14271,18.46784],[-99.14116,18.46908],[-99.14455,18.47272],[-99.14488,18.47555],[-99.14062,18.47497],[-99.14057,18.47067],[-99.13789,18.46957],[-99.13943,18.46405],[-99.13554,18.4608],[-99.13401,18.45796],[-99.13406,18.45636],[-99.13619,18.45098],[-99.1361,18.44919],[-99.1348,18.44869],[-99.13267,18.4464],[-99.1324,18.44366],[-99.12984,18.44093],[-99.1252,18.44245],[-99.1244,18.44124],[-99.12496,18.43628],[-99.13012,18.43222],[-99.1302,18.43094],[-99.12832,18.42731],[-99.12516,18.42462],[-99.12233,18.42392],[-99.11394,18.41882],[-99.11275,18.4185],[-99.11066,18.41907],[-99.10849,18.41633],[-99.10773,18.40991],[-99.10052,18.40119],[-99.0994,18.40069],[-99.09801,18.40168],[-99.09561,18.40187],[-99.08955,18.39999],[-99.08779,18.39565],[-99.08679,18.39534],[-99.08415,18.39137],[-99.07854,18.38707],[-99.07939,18.37785],[-99.08155,18.37405],[-99.08126,18.37311],[-99.07922,18.37269],[-99.0747,18.37718],[-99.07284,18.37731],[-99.07239,18.3734],[-99.0712,18.3704],[-99.07,18.36889],[-99.06798,18.36934],[-99.0663,18.36778],[-99.06579,18.36218],[-99.0662,18.35939],[-99.06719,18.35878],[-99.06812,18.35963],[-99.07032,18.36013],[-99.07118,18.35948],[-99.07116,18.35638],[-99.0697,18.35294],[-99.06986,18.35042],[-99.07556,18.34462],[-99.07599,18.34284],[-99.0755,18.33997],[-99.07282,18.33632],[-99.07168,18.33521],[-99.06786,18.33407],[-99.06548,18.33238],[-99.06234,18.3333],[-99.06061,18.33513],[-99.06014,18.33686],[-99.05769,18.33846],[-99.05773,18.34177],[-99.05903,18.3439],[-99.0595,18.34636],[-99.05877,18.34886],[-99.05733,18.34974],[-99.05556,18.34957],[-99.04853,18.35124],[-99.04695,18.35513],[-99.04342,18.35584],[-99.04424,18.35861],[-99.04354,18.35945],[-99.04154,18.35941],[-99.0395,18.35852],[-99.03837,18.35879],[-99.03522,18.3629],[-99.03563,18.36548],[-99.03144,18.36494],[-99.03146,18.36743],[-99.02914,18.36839],[-99.02636,18.37109],[-99.02613,18.37225],[-99.02361,18.37245],[-99.02438,18.37563],[-99.02379,18.3764],[-99.02053,18.37702],[-99.0199,18.3782],[-99.01875,18.38257],[-99.01914,18.38472],[-99.01817,18.38778],[-99.01698,18.38769],[-99.01555,18.38631],[-99.0131,18.38864],[-99.01313,18.38641],[-99.00976,18.38597],[-99.00806,18.38619],[-99.00821,18.38817],[-99.00621,18.38884],[-99.00536,18.38991],[-99.00308,18.38966],[-99.00093,18.38826],[-98.99819,18.38972],[-98.99917,18.39223],[-98.99699,18.39396],[-98.9951,18.395],[-98.99318,18.39494],[-98.99267,18.39585],[-98.99179,18.39481],[-98.99063,18.39476],[-98.99072,18.39737],[-98.98877,18.39668],[-98.98794,18.39706],[-98.98789,18.39774],[-98.98902,18.39869],[-98.98706,18.40023],[-98.98752,18.4026],[-98.98656,18.40343],[-98.98659,18.40482],[-98.98418,18.40477],[-98.98351,18.40542],[-98.98393,18.40691],[-98.98537,18.40733],[-98.98568,18.40929],[-98.98687,18.40948],[-98.98585,18.4103],[-98.9859,18.41112],[-98.9877,18.41185],[-98.98609,18.4138],[-98.98398,18.41375],[-98.98449,18.41495],[-98.9863,18.41638],[-98.98324,18.41841],[-98.98351,18.41943],[-98.98534,18.41961],[-98.98537,18.42115],[-98.98342,18.42138],[-98.98171,18.42359],[-98.97898,18.42247],[-98.97887,18.42372],[-98.97799,18.42399],[-98.97641,18.42244],[-98.97397,18.41714],[-98.97274,18.4181],[-98.97109,18.41747],[-98.97035,18.41889],[-98.96803,18.41777],[-98.96677,18.41871],[-98.96556,18.41801],[-98.96435,18.41896],[-98.96171,18.4184],[-98.96106,18.41964],[-98.95967,18.41893],[-98.95918,18.42033],[-98.9586,18.4196],[-98.95721,18.42022],[-98.956,18.41973],[-98.95521,18.41774],[-98.95061,18.41769],[-98.94957,18.41927],[-98.94996,18.42026],[-98.9494,18.42084],[-98.9494,18.42261],[-98.94561,18.42173],[-98.9444,18.42045],[-98.94147,18.42169],[-98.94064,18.42341],[-98.93952,18.42195],[-98.9373,18.42224],[-98.93638,18.42363],[-98.93515,18.4229],[-98.93037,18.42607],[-98.92954,18.42749],[-98.92801,18.42722],[-98.92455,18.4293],[-98.92359,18.42855],[-98.92194,18.42867],[-98.92159,18.43011],[-98.91932,18.43197],[-98.92023,18.43441],[-98.91959,18.43722],[-98.92033,18.4423],[-98.91495,18.44142],[-98.91447,18.44402],[-98.91539,18.44585],[-98.9141,18.44799],[-98.91563,18.45164],[-98.91521,18.45735],[-98.93581,18.48339],[-98.95995,18.49274],[-98.96842,18.49665],[-98.9671,18.52374],[-98.98542,18.52548],[-98.98407,18.5297],[-98.98393,18.53315],[-98.98772,18.53817],[-98.99078,18.53962],[-98.99545,18.53943],[-98.99597,18.55521],[-98.9972,18.56922],[-99.00768,18.57468],[-99.01699,18.57726],[-99.02104,18.57582],[-99.02612,18.57303],[-99.03499,18.56678],[-99.03654,18.56417],[-99.04527,18.57881],[-99.04785,18.58094],[-99.04812,18.58217],[-99.04568,18.58542],[-99.04663,18.58633],[-99.04969,18.58542],[-99.05298,18.58246],[-99.05414,18.58368],[-99.05893,18.58283],[-99.06472,18.58465],[-99.06709,18.58335],[-99.06593,18.58121],[-99.07347,18.5837],[-99.07466,18.58629],[-99.07518,18.59026],[-99.07692,18.59399],[-99.0769,18.59591],[-99.07899,18.59971],[-99.07801,18.60266],[-99.07916,18.60851],[-99.08214,18.61473],[-99.08489,18.61773],[-99.08463,18.62064],[-99.08587,18.6242],[-99.08853,18.62743],[-99.08902,18.63496],[-99.09093,18.63963],[-99.09089,18.64228],[-99.09356,18.6465],[-99.098,18.64534],[-99.10315,18.65014],[-99.10779,18.65637],[-99.11691,18.66149],[-99.11736,18.65192],[-99.12085,18.64832],[-99.14523,18.65722],[-99.14654,18.65694],[-99.15619,18.66101],[-99.16172,18.66274],[-99.16391,18.66209],[-99.17078,18.65774],[-99.17059,18.65452],[-99.17433,18.64648],[-99.17543,18.63969]]]}},{"type":"Feature","properties":{"municipio":"Tlayacapan","cve_geo":17026},"geometry":{"type":"Polygon","coordinates":[[[-99.01456,18.97527],[-99.01618,18.95972],[-99.0079,18.94883],[-99.00921,18.94325],[-99.01167,18.94252],[-99.01334,18.93945],[-99.01153,18.93929],[-99.01185,18.93829],[-99.01107,18.93785],[-99.01223,18.937],[-99.01399,18.93355],[-99.01125,18.9314],[-99.00866,18.92131],[-99.00789,18.92047],[-99.009,18.91921],[-99.0073,18.91869],[-99.00709,18.91553],[-99.00575,18.91552],[-99.00651,18.91476],[-99.00546,18.91444],[-99.00418,18.91232],[-99.00538,18.91079],[-99.00225,18.91172],[-98.99907,18.91059],[-98.99545,18.91078],[-98.99514,18.90976],[-98.99642,18.90362],[-98.99953,18.90029],[-98.99245,18.89366],[-98.98793,18.89797],[-98.98392,18.89662],[-98.98396,18.89834],[-98.98297,18.89878],[-98.98402,18.89855],[-98.98799,18.90103],[-98.99078,18.90755],[-98.98787,18.91004],[-98.98736,18.91404],[-98.98834,18.91691],[-98.98856,18.92142],[-98.98722,18.92244],[-98.98649,18.92409],[-98.98491,18.92462],[-98.98342,18.9268],[-98.98009,18.92915],[-98.97971,18.93059],[-98.9777,18.93155],[-98.9761,18.93389],[-98.97599,18.93527],[-98.97694,18.93653],[-98.95984,18.93228],[-98.95324,18.92964],[-98.95286,18.92764],[-98.95112,18.92748],[-98.94946,18.9297],[-98.94824,18.92914],[-98.9467,18.93029],[-98.94578,18.93277],[-98.94349,18.93441],[-98.94157,18.93833],[-98.94073,18.93886],[-98.94039,18.93825],[-98.93832,18.94039],[-98.93637,18.94022],[-98.93431,18.9412],[-98.93197,18.94606],[-98.9313,18.94595],[-98.92934,18.94801],[-98.92916,18.94932],[-98.92823,18.95025],[-98.92807,18.95278],[-98.9252,18.95251],[-98.924,18.95089],[-98.92409,18.94907],[-98.92325,18.94962],[-98.92199,18.95225],[-98.92114,18.96063],[-98.92133,18.96241],[-98.92207,18.96241],[-98.92263,18.96749],[-98.92489,18.96848],[-98.92502,18.96755],[-98.92822,18.96702],[-98.92911,18.96752],[-98.92945,18.96643],[-98.93107,18.96718],[-98.93098,18.96639],[-98.93184,18.96629],[-98.93168,18.96506],[-98.93235,18.96525],[-98.93141,18.97391],[-98.93274,18.97533],[-98.94071,18.97806],[-98.94072,18.97883],[-98.94374,18.98038],[-98.95121,18.98327],[-98.95155,18.98234],[-98.95228,18.98262],[-98.9528,18.98132],[-98.95284,18.9781],[-98.95311,18.97756],[-98.95394,18.97786],[-98.95645,18.97951],[-98.95536,18.98517],[-98.96223,18.98822],[-98.96436,18.98411],[-98.96511,18.98674],[-98.96788,18.98834],[-98.97257,18.98873],[-98.97922,18.99053],[-98.98144,18.99291],[-98.98171,18.99129],[-98.98306,18.99035],[-98.98353,18.98755],[-98.98466,18.9868],[-98.9862,18.98684],[-98.98666,18.98772],[-98.98675,18.98715],[-98.9934,18.98595],[-98.99822,18.98783],[-99.00058,18.98665],[-99.00065,18.9854],[-99.00171,18.9853],[-99.00116,18.98492],[-99.00147,18.9843],[-99.00226,18.98502],[-99.00421,18.98399],[-99.00512,18.98179],[-99.00826,18.98101],[-99.00816,18.98034],[-99.01456,18.97527]]]}},{"type":"Feature","properties":{"municipio":"Totolapan","cve_geo":17027},"geometry":{"type":"Polygon","coordinates":[[[-98.87103,19.02539],[-98.87896,19.02811],[-98.88817,19.03692],[-98.89126,19.03695],[-98.89789,19.03855],[-98.91333,19.03867],[-98.91727,19.03964],[-98.92436,19.03731],[-98.92686,19.03582],[-98.92506,19.03043],[-98.92513,19.02739],[-98.93228,19.00298],[-98.93482,19.0059],[-98.93535,19.00866],[-98.94119,19.0182],[-98.94333,19.02064],[-98.94571,19.02232],[-98.95585,19.0268],[-98.95697,19.02201],[-98.95898,19.00464],[-98.96068,19.00508],[-98.96109,19.00286],[-98.96199,19.00198],[-98.96281,19.00242],[-98.9623,19.00608],[-98.96357,19.00639],[-98.96441,19.00443],[-98.96671,19.00558],[-98.96518,19.00857],[-98.96873,19.00866],[-98.97154,19.01141],[-98.97201,19.01593],[-98.97674,19.00194],[-98.9762,19.00121],[-98.97767,18.9982],[-98.97913,18.99918],[-98.98055,18.99898],[-98.98097,18.99753],[-98.98011,18.99454],[-98.98048,18.99244],[-98.97922,18.99053],[-98.97257,18.98873],[-98.96788,18.98834],[-98.96511,18.98674],[-98.96436,18.98411],[-98.96223,18.98822],[-98.95536,18.98517],[-98.95645,18.97951],[-98.95311,18.97756],[-98.95252,18.97967],[-98.95304,18.98028],[-98.9528,18.98132],[-98.95228,18.98262],[-98.95155,18.98234],[-98.95121,18.98327],[-98.94374,18.98038],[-98.94072,18.97883],[-98.94071,18.97806],[-98.93274,18.97533],[-98.93141,18.97391],[-98.93235,18.96525],[-98.93168,18.96506],[-98.93184,18.96629],[-98.93098,18.96639],[-98.93107,18.96718],[-98.92945,18.96643],[-98.92911,18.96752],[-98.92822,18.96702],[-98.92502,18.96755],[-98.92489,18.96848],[-98.92374,18.96819],[-98.92356,18.96754],[-98.92263,18.96749],[-98.92207,18.96241],[-98.92133,18.96241],[-98.92109,18.95763],[-98.92132,18.95715],[-98.92153,18.95758],[-98.92176,18.95536],[-98.91846,18.95367],[-98.91647,18.95515],[-98.9139,18.95449],[-98.91242,18.95289],[-98.911,18.9525],[-98.90701,18.95892],[-98.90081,18.95762],[-98.90005,18.9581],[-98.89831,18.96054],[-98.89953,18.96558],[-98.89955,18.96954],[-98.89665,18.97281],[-98.8921,18.97143],[-98.88798,18.97647],[-98.88371,18.99435],[-98.88196,18.99708],[-98.88166,18.99989],[-98.8681,18.9997],[-98.86905,19.00233],[-98.8681,19.00247],[-98.86839,19.0032],[-98.86926,19.00308],[-98.86889,19.0057],[-98.87406,19.0104],[-98.87206,19.01669],[-98.87215,19.02041],[-98.87103,19.02539]]]}},{"type":"Feature","properties":{"municipio":"Xochitepec","cve_geo":17028},"geometry":{"type":"Polygon","coordinates":[[[-99.1965,18.70736],[-99.19365,18.71569],[-99.22183,18.71204],[-99.2248,18.71535],[-99.22449,18.7163],[-99.24114,18.71789],[-99.24593,18.71705],[-99.24862,18.71727],[-99.27999,18.72436],[-99.27982,18.72875],[-99.28093,18.73289],[-99.28111,18.73687],[-99.29797,18.73936],[-99.29222,18.75485],[-99.2768,18.75789],[-99.27655,18.76296],[-99.28196,18.77417],[-99.27686,18.77351],[-99.25205,18.78226],[-99.2503,18.7841],[-99.25082,18.78533],[-99.25263,18.7855],[-99.25335,18.78618],[-99.25376,18.78816],[-99.25607,18.79112],[-99.25808,18.79034],[-99.2576,18.79085],[-99.25835,18.79125],[-99.25794,18.79251],[-99.26236,18.79899],[-99.26131,18.80038],[-99.26402,18.80144],[-99.26433,18.80394],[-99.26586,18.80656],[-99.26771,18.80654],[-99.26781,18.80949],[-99.26915,18.81005],[-99.26709,18.81261],[-99.26696,18.82342],[-99.25559,18.82451],[-99.25303,18.82651],[-99.25086,18.82666],[-99.24956,18.82593],[-99.24646,18.8268],[-99.24083,18.81774],[-99.23938,18.81779],[-99.23918,18.81731],[-99.24029,18.81726],[-99.23515,18.80974],[-99.2339,18.80945],[-99.23365,18.81025],[-99.22873,18.81155],[-99.22231,18.80866],[-99.21767,18.80802],[-99.2161,18.80699],[-99.21592,18.80754],[-99.21313,18.80707],[-99.20649,18.80288],[-99.2063,18.80031],[-99.20738,18.79667],[-99.20628,18.79615],[-99.20268,18.79691],[-99.20218,18.7978],[-99.20262,18.79714],[-99.19389,18.79919],[-99.19238,18.79788],[-99.19119,18.79802],[-99.19038,18.79729],[-99.18994,18.79545],[-99.18686,18.79434],[-99.18672,18.79171],[-99.18903,18.79036],[-99.19019,18.78752],[-99.18985,18.78632],[-99.19107,18.78652],[-99.19245,18.78429],[-99.1909,18.78373],[-99.19074,18.78263],[-99.1909,18.78018],[-99.19259,18.77664],[-99.19211,18.77517],[-99.18992,18.77301],[-99.19032,18.77092],[-99.19202,18.76881],[-99.19188,18.76659],[-99.18985,18.76518],[-99.18971,18.76404],[-99.19042,18.76405],[-99.19085,18.76303],[-99.19132,18.7614],[-99.19088,18.76056],[-99.1938,18.76116],[-99.19432,18.76181],[-99.19474,18.76102],[-99.19608,18.76158],[-99.19669,18.76019],[-99.1925,18.7522],[-99.19405,18.75122],[-99.19334,18.74809],[-99.19368,18.74738],[-99.19168,18.74698],[-99.19221,18.74314],[-99.18831,18.72724],[-99.19303,18.72603],[-99.19371,18.71648],[-99.19263,18.71662],[-99.19203,18.71314],[-99.18996,18.71198],[-99.191,18.71148],[-99.18943,18.71031],[-99.18884,18.70901],[-99.18931,18.70857],[-99.18857,18.70804],[-99.19157,18.70404],[-99.1965,18.70736]]]}},{"type":"Feature","properties":{"municipio":"Yautepec","cve_geo":17029},"geometry":{"type":"Polygon","coordinates":[[[-99.14838,18.83597],[-99.14491,18.83122],[-99.14625,18.82776],[-99.14372,18.82628],[-99.14157,18.82629],[-99.1374,18.82774],[-99.13107,18.82745],[-99.12783,18.82834],[-99.12609,18.83009],[-99.12445,18.83059],[-99.12244,18.82931],[-99.11718,18.82965],[-99.11233,18.82423],[-99.11034,18.82394],[-99.11012,18.82333],[-99.10582,18.82159],[-99.10046,18.81528],[-99.09742,18.81287],[-99.09505,18.80938],[-99.09543,18.80747],[-99.09123,18.80633],[-99.09056,18.8056],[-99.09043,18.8043],[-99.09288,18.80107],[-99.09336,18.79541],[-99.09462,18.79088],[-99.09389,18.79031],[-99.08618,18.79086],[-99.08729,18.77271],[-99.08692,18.77098],[-99.08346,18.77125],[-99.07804,18.77416],[-99.07421,18.77547],[-99.07294,18.77636],[-99.07242,18.7777],[-99.06773,18.78135],[-99.05888,18.79658],[-99.05607,18.79556],[-99.05394,18.79575],[-99.0514,18.79756],[-99.05064,18.79716],[-99.05096,18.79766],[-99.05007,18.79942],[-99.04904,18.7994],[-99.04973,18.80117],[-99.04693,18.80475],[-99.04743,18.80702],[-99.04909,18.8095],[-99.04898,18.81039],[-99.04978,18.81048],[-99.04885,18.81485],[-99.05006,18.82106],[-99.04906,18.82304],[-99.04911,18.82597],[-99.04837,18.82809],[-99.04882,18.83604],[-99.0467,18.83831],[-99.04615,18.83996],[-99.04895,18.84472],[-99.04111,18.84848],[-99.04079,18.85253],[-99.03993,18.85432],[-99.04136,18.85487],[-99.04152,18.8569],[-99.04101,18.85762],[-99.03851,18.85839],[-99.01763,18.85436],[-99.01413,18.85424],[-99.01255,18.85647],[-99.00844,18.85732],[-99.00182,18.85996],[-99.00265,18.86114],[-99.00263,18.86461],[-99.00344,18.86702],[-99.00615,18.86892],[-99.00532,18.8708],[-98.98832,18.86642],[-98.98805,18.86733],[-98.98197,18.87125],[-98.97154,18.88232],[-98.97085,18.88188],[-98.97011,18.8825],[-98.96821,18.88224],[-98.96664,18.88077],[-98.96784,18.8806],[-98.95861,18.88166],[-98.9586,18.88219],[-98.95625,18.88248],[-98.95533,18.88541],[-98.95366,18.88504],[-98.95336,18.88592],[-98.95089,18.88593],[-98.94818,18.88803],[-98.94738,18.88793],[-98.94694,18.88884],[-98.94421,18.88908],[-98.94381,18.89018],[-98.94232,18.89073],[-98.94191,18.89236],[-98.93981,18.89272],[-98.93542,18.89489],[-98.93299,18.89726],[-98.93588,18.89874],[-98.93849,18.90282],[-98.94163,18.90379],[-98.94286,18.90485],[-98.94403,18.90468],[-98.94687,18.90241],[-98.95219,18.90274],[-98.95515,18.90512],[-98.95082,18.91733],[-98.95209,18.92228],[-98.9522,18.92441],[-98.95159,18.92541],[-98.95324,18.92964],[-98.96233,18.93301],[-98.97694,18.93653],[-98.97599,18.93527],[-98.9761,18.93389],[-98.9777,18.93155],[-98.97971,18.93059],[-98.98009,18.92915],[-98.98342,18.9268],[-98.98491,18.92462],[-98.98649,18.92409],[-98.98722,18.92244],[-98.98856,18.92142],[-98.98834,18.91691],[-98.98736,18.91404],[-98.98787,18.91004],[-98.99078,18.90755],[-98.98799,18.90103],[-98.98402,18.89855],[-98.98297,18.89878],[-98.98396,18.89834],[-98.98392,18.89662],[-98.98793,18.89797],[-98.99245,18.89366],[-98.99953,18.90029],[-98.99642,18.90362],[-98.99514,18.90976],[-98.99545,18.91078],[-98.99907,18.91059],[-99.00225,18.91172],[-99.00538,18.91079],[-99.00418,18.91232],[-99.00546,18.91444],[-99.00651,18.91476],[-99.00575,18.91552],[-99.00709,18.91553],[-99.0073,18.91869],[-99.009,18.91921],[-99.00789,18.92047],[-99.00866,18.92131],[-99.01125,18.9314],[-99.01399,18.93355],[-99.01223,18.937],[-99.01107,18.93785],[-99.01185,18.93829],[-99.01153,18.93929],[-99.01334,18.93945],[-99.01167,18.94252],[-99.00921,18.94325],[-99.0079,18.94883],[-99.01618,18.95972],[-99.0195,18.94812],[-99.02285,18.94754],[-99.02477,18.9463],[-99.02576,18.94509],[-99.02617,18.94172],[-99.02713,18.94169],[-99.02819,18.93771],[-99.02692,18.93687],[-99.02723,18.93626],[-99.02636,18.93543],[-99.02742,18.93491],[-99.02896,18.93197],[-99.02782,18.92934],[-99.0284,18.92555],[-99.03186,18.92463],[-99.03317,18.92558],[-99.03387,18.92523],[-99.03707,18.92606],[-99.04242,18.92537],[-99.04308,18.92591],[-99.05285,18.92621],[-99.06046,18.9227],[-99.09575,18.91562],[-99.10916,18.9081],[-99.10687,18.90668],[-99.10197,18.90592],[-99.1026,18.90396],[-99.10488,18.90542],[-99.10415,18.90383],[-99.10486,18.90389],[-99.10494,18.90291],[-99.10675,18.90346],[-99.10696,18.90465],[-99.10701,18.90264],[-99.1161,18.89782],[-99.11611,18.8983],[-99.11906,18.89698],[-99.12321,18.8967],[-99.12688,18.89845],[-99.12781,18.89723],[-99.13057,18.89609],[-99.13158,18.89647],[-99.13211,18.89516],[-99.1329,18.89538],[-99.13333,18.89487],[-99.12814,18.8915],[-99.12554,18.88896],[-99.12312,18.88336],[-99.12026,18.88081],[-99.11998,18.87855],[-99.12083,18.87701],[-99.11938,18.86991],[-99.11981,18.86698],[-99.12124,18.86463],[-99.1219,18.86193],[-99.12877,18.86458],[-99.13436,18.86413],[-99.13593,18.85889],[-99.13569,18.85173],[-99.14315,18.84248],[-99.14275,18.84146],[-99.14619,18.83751],[-99.14838,18.83597]]]}},{"type":"Feature","properties":{"municipio":"Yecapixtla","cve_geo":17030},"geometry":{"type":"Polygon","coordinates":[[[-98.8242,18.95486],[-98.82655,18.95671],[-98.82768,18.95556],[-98.83055,18.95526],[-98.83589,18.95015],[-98.83743,18.94747],[-98.83787,18.94385],[-98.8395,18.94],[-98.83988,18.93545],[-98.84511,18.93222],[-98.84714,18.9264],[-98.85029,18.92135],[-98.85042,18.91875],[-98.8565,18.91675],[-98.85622,18.9154],[-98.8571,18.91314],[-98.86061,18.9092],[-98.86105,18.91191],[-98.86057,18.91345],[-98.8734,18.90689],[-98.88125,18.90753],[-98.88303,18.90654],[-98.88467,18.90652],[-98.88702,18.90486],[-98.89131,18.90724],[-98.90014,18.89851],[-98.90452,18.8927],[-98.9051,18.89101],[-98.91348,18.88839],[-98.91532,18.88872],[-98.91726,18.88659],[-98.91852,18.8878],[-98.92268,18.88423],[-98.92537,18.88425],[-98.92843,18.88202],[-98.9285,18.88145],[-98.92676,18.88169],[-98.92393,18.88332],[-98.9202,18.88016],[-98.92061,18.87955],[-98.91186,18.8731],[-98.91253,18.87212],[-98.91501,18.87102],[-98.91492,18.86913],[-98.91727,18.86713],[-98.91738,18.86601],[-98.91864,18.86559],[-98.92152,18.86296],[-98.92283,18.86075],[-98.9236,18.8612],[-98.92521,18.86063],[-98.92542,18.85836],[-98.92889,18.86013],[-98.92841,18.85883],[-98.92913,18.85679],[-98.92686,18.85447],[-98.92798,18.85225],[-98.92429,18.84999],[-98.92489,18.84694],[-98.92428,18.84644],[-98.92436,18.84528],[-98.92543,18.84312],[-98.92537,18.84057],[-98.92443,18.83912],[-98.92292,18.83373],[-98.92385,18.83351],[-98.92592,18.83123],[-98.92654,18.82944],[-98.92475,18.82675],[-98.92659,18.82662],[-98.92621,18.8261],[-98.9272,18.82513],[-98.92631,18.82335],[-98.92641,18.82263],[-98.92748,18.8224],[-98.92633,18.81964],[-98.92614,18.80692],[-98.91749,18.80453],[-98.91022,18.80455],[-98.90618,18.80349],[-98.90175,18.80333],[-98.88733,18.79865],[-98.88816,18.79804],[-98.88774,18.79689],[-98.88823,18.79595],[-98.88226,18.7907],[-98.88394,18.78963],[-98.88343,18.78839],[-98.88538,18.78745],[-98.88494,18.78576],[-98.88159,18.78292],[-98.87946,18.78121],[-98.87904,18.78145],[-98.87614,18.78482],[-98.87583,18.78623],[-98.86724,18.78104],[-98.86605,18.78268],[-98.86189,18.77985],[-98.86162,18.77864],[-98.86229,18.7783],[-98.8577,18.77527],[-98.85423,18.77103],[-98.85453,18.77037],[-98.85803,18.77026],[-98.85894,18.76768],[-98.86108,18.76604],[-98.86451,18.76535],[-98.86489,18.76579],[-98.86666,18.76492],[-98.86641,18.76412],[-98.86541,18.76427],[-98.864,18.76311],[-98.85871,18.76458],[-98.85743,18.76305],[-98.85465,18.76231],[-98.85053,18.76352],[-98.84812,18.76258],[-98.84517,18.76316],[-98.84379,18.76234],[-98.84132,18.76242],[-98.83823,18.76426],[-98.83683,18.76393],[-98.83649,18.76515],[-98.83236,18.76359],[-98.83192,18.76607],[-98.82905,18.76603],[-98.82767,18.76643],[-98.82667,18.76758],[-98.82374,18.76809],[-98.82258,18.77089],[-98.82028,18.77386],[-98.8203,18.77529],[-98.81908,18.77642],[-98.81892,18.77786],[-98.81726,18.779],[-98.8169,18.78042],[-98.81221,18.78457],[-98.80487,18.78889],[-98.80369,18.7912],[-98.80412,18.79206],[-98.8031,18.79287],[-98.8027,18.79423],[-98.80154,18.79451],[-98.80211,18.79521],[-98.80102,18.79522],[-98.80189,18.79607],[-98.80169,18.79699],[-98.79946,18.79835],[-98.79951,18.8015],[-98.7983,18.80268],[-98.79773,18.80499],[-98.79871,18.80754],[-98.80123,18.80912],[-98.80117,18.81157],[-98.80238,18.81302],[-98.80181,18.81333],[-98.80235,18.8142],[-98.80159,18.81437],[-98.8014,18.81577],[-98.80233,18.81928],[-98.80184,18.81976],[-98.80174,18.82319],[-98.8027,18.82446],[-98.80205,18.82524],[-98.80898,18.81877],[-98.81119,18.81774],[-98.81076,18.81646],[-98.81247,18.81598],[-98.81222,18.8154],[-98.8128,18.81565],[-98.81295,18.81457],[-98.81478,18.81373],[-98.81448,18.81267],[-98.81543,18.81252],[-98.82165,18.81735],[-98.82136,18.81913],[-98.82043,18.81976],[-98.82061,18.82116],[-98.82707,18.82582],[-98.82694,18.82635],[-98.8289,18.82833],[-98.83167,18.83279],[-98.83001,18.83351],[-98.83071,18.83453],[-98.83132,18.83432],[-98.82787,18.83841],[-98.82441,18.83976],[-98.82588,18.83992],[-98.82567,18.84155],[-98.82323,18.84168],[-98.82299,18.84286],[-98.82143,18.84286],[-98.82148,18.8441],[-98.82015,18.84454],[-98.82038,18.84491],[-98.81859,18.84613],[-98.81897,18.8473],[-98.81662,18.84904],[-98.81519,18.84915],[-98.81534,18.85018],[-98.81476,18.85116],[-98.8138,18.85116],[-98.81383,18.85217],[-98.81238,18.85222],[-98.81441,18.85961],[-98.81804,18.85976],[-98.81916,18.85878],[-98.82258,18.85861],[-98.82243,18.8594],[-98.82365,18.8594],[-98.82697,18.8695],[-98.82699,18.87005],[-98.82526,18.87037],[-98.82515,18.87087],[-98.82552,18.87364],[-98.82494,18.87891],[-98.81896,18.87893],[-98.81723,18.88078],[-98.81452,18.8816],[-98.8133,18.88094],[-98.81289,18.88127],[-98.81274,18.88437],[-98.81007,18.88659],[-98.80892,18.88847],[-98.80881,18.89051],[-98.80941,18.8913],[-98.80886,18.89273],[-98.80633,18.89529],[-98.80635,18.8998],[-98.80717,18.90041],[-98.80639,18.9017],[-98.80594,18.9048],[-98.80409,18.90508],[-98.80203,18.90734],[-98.8018,18.90903],[-98.80278,18.91097],[-98.80272,18.9126],[-98.79741,18.91948],[-98.79767,18.92063],[-98.79662,18.92316],[-98.7974,18.92442],[-98.79594,18.92619],[-98.79374,18.93105],[-98.79297,18.93296],[-98.79339,18.93377],[-98.79209,18.93459],[-98.79208,18.93534],[-98.79502,18.93845],[-98.79854,18.93998],[-98.80939,18.94296],[-98.81685,18.94326],[-98.82077,18.94724],[-98.82146,18.9528],[-98.8242,18.95486]]]}},{"type":"Feature","properties":{"municipio":"Zacatepec","cve_geo":17031},"geometry":{"type":"Polygon","coordinates":[[[-99.19943,18.68382],[-99.21852,18.68543],[-99.2173,18.67626],[-99.21826,18.67596],[-99.21928,18.67657],[-99.22733,18.67241],[-99.22782,18.66957],[-99.22718,18.66621],[-99.22489,18.66165],[-99.22439,18.65869],[-99.22467,18.65466],[-99.22757,18.64998],[-99.22609,18.64225],[-99.22642,18.63774],[-99.2301,18.63385],[-99.23114,18.63163],[-99.22984,18.62876],[-99.23215,18.62837],[-99.24133,18.6183],[-99.23715,18.61536],[-99.22535,18.62435],[-99.22482,18.6259],[-99.22259,18.62854],[-99.21966,18.62774],[-99.22261,18.62869],[-99.22114,18.63046],[-99.21816,18.62976],[-99.21678,18.63083],[-99.21234,18.62935],[-99.21222,18.62976],[-99.21019,18.62918],[-99.21021,18.62798],[-99.20825,18.62731],[-99.2071,18.62975],[-99.20304,18.62386],[-99.19807,18.62259],[-99.19628,18.62779],[-99.19652,18.63178],[-99.19447,18.63403],[-99.19578,18.6356],[-99.19748,18.63613],[-99.19789,18.63726],[-99.19716,18.63833],[-99.19596,18.63757],[-99.19582,18.63817],[-99.1969,18.63938],[-99.19469,18.64118],[-99.19567,18.64364],[-99.1931,18.64365],[-99.19592,18.64629],[-99.19504,18.64814],[-99.19461,18.64794],[-99.19456,18.64918],[-99.18515,18.64702],[-99.18107,18.64511],[-99.17708,18.65447],[-99.17823,18.65535],[-99.17975,18.65549],[-99.177,18.67102],[-99.17786,18.67126],[-99.18167,18.66803],[-99.18062,18.67249],[-99.18172,18.67251],[-99.18208,18.67039],[-99.18364,18.67081],[-99.18355,18.67168],[-99.1857,18.67188],[-99.18675,18.67104],[-99.18927,18.67059],[-99.1913,18.66768],[-99.19326,18.66717],[-99.19433,18.66986],[-99.19059,18.67397],[-99.19015,18.67716],[-99.18852,18.67925],[-99.18941,18.68524],[-99.19231,18.68364],[-99.19943,18.68382]]]}},{"type":"Feature","properties":{"municipio":"Zacualpan de Amilpas","cve_geo":17032},"geometry":{"type":"Polygon","coordinates":[[[-98.80369,18.7912],[-98.80124,18.79049],[-98.79565,18.7874],[-98.7946,18.78798],[-98.79305,18.78676],[-98.79244,18.78711],[-98.79216,18.78643],[-98.79141,18.7866],[-98.78898,18.78453],[-98.78857,18.78514],[-98.78789,18.78483],[-98.78564,18.78298],[-98.78462,18.78334],[-98.78145,18.78141],[-98.78263,18.78005],[-98.78209,18.77951],[-98.78138,18.78137],[-98.78026,18.78069],[-98.7791,18.78108],[-98.77474,18.77814],[-98.77573,18.77695],[-98.76908,18.77513],[-98.76961,18.77239],[-98.76797,18.77274],[-98.76794,18.77204],[-98.76807,18.77395],[-98.76793,18.77447],[-98.76734,18.77427],[-98.76705,18.77178],[-98.76486,18.77055],[-98.76373,18.76887],[-98.76312,18.76902],[-98.76343,18.76696],[-98.75763,18.76462],[-98.75604,18.76486],[-98.74919,18.76275],[-98.74888,18.76184],[-98.74816,18.76202],[-98.74825,18.76017],[-98.74741,18.75841],[-98.74622,18.75912],[-98.74639,18.75955],[-98.74509,18.75959],[-98.74196,18.76531],[-98.73972,18.76688],[-98.73721,18.77218],[-98.73761,18.77316],[-98.73616,18.77388],[-98.73627,18.77559],[-98.73379,18.77825],[-98.73375,18.78164],[-98.73434,18.78324],[-98.73145,18.78543],[-98.73178,18.78676],[-98.73048,18.78861],[-98.73124,18.78912],[-98.72969,18.79141],[-98.73136,18.79239],[-98.73204,18.79575],[-98.7278,18.80016],[-98.72794,18.80551],[-98.72733,18.80547],[-98.72755,18.8061],[-98.72673,18.80693],[-98.72359,18.80695],[-98.72323,18.80916],[-98.72411,18.80931],[-98.72346,18.80965],[-98.72421,18.81052],[-98.72395,18.81137],[-98.71983,18.81401],[-98.71891,18.81377],[-98.71922,18.81332],[-98.71766,18.81042],[-98.71697,18.81055],[-98.71726,18.8117],[-98.71628,18.81093],[-98.71648,18.81234],[-98.71511,18.81252],[-98.71447,18.81477],[-98.71346,18.81526],[-98.71372,18.81479],[-98.71304,18.81486],[-98.7085,18.821],[-98.70715,18.8218],[-98.70701,18.8224],[-98.70843,18.82325],[-98.7062,18.82469],[-98.7061,18.82569],[-98.70706,18.82701],[-98.70575,18.82674],[-98.70573,18.82746],[-98.70454,18.82821],[-98.70542,18.83154],[-98.70263,18.83919],[-98.69978,18.84293],[-98.69527,18.84571],[-98.69403,18.85184],[-98.69174,18.85243],[-98.68871,18.85812],[-98.70099,18.86186],[-98.70432,18.85421],[-98.71184,18.84698],[-98.71538,18.8423],[-98.71782,18.83351],[-98.71895,18.8329],[-98.71916,18.82797],[-98.72266,18.82061],[-98.73614,18.82224],[-98.73645,18.82341],[-98.73483,18.82571],[-98.73552,18.82622],[-98.73469,18.82634],[-98.7336,18.82918],[-98.7329,18.83504],[-98.7463,18.83776],[-98.74833,18.83512],[-98.74755,18.83474],[-98.74828,18.83315],[-98.74934,18.83349],[-98.75084,18.83206],[-98.75299,18.82853],[-98.77277,18.83148],[-98.77539,18.83235],[-98.77475,18.83289],[-98.77619,18.8335],[-98.77668,18.83275],[-98.77722,18.83291],[-98.77802,18.83081],[-98.77873,18.83132],[-98.77956,18.83032],[-98.78028,18.83083],[-98.78114,18.83028],[-98.78111,18.82888],[-98.78235,18.82913],[-98.78125,18.82632],[-98.782,18.82616],[-98.78216,18.82487],[-98.78143,18.82304],[-98.78229,18.82078],[-98.78379,18.8192],[-98.79804,18.82569],[-98.79944,18.82968],[-98.79998,18.82984],[-98.80143,18.82832],[-98.80214,18.82677],[-98.80204,18.8248],[-98.8027,18.82446],[-98.80174,18.82319],[-98.80184,18.81976],[-98.80233,18.81928],[-98.80141,18.81613],[-98.80159,18.81437],[-98.80235,18.8142],[-98.80181,18.81333],[-98.80238,18.81302],[-98.80117,18.81157],[-98.80123,18.80912],[-98.79871,18.80754],[-98.79773,18.80499],[-98.7983,18.80268],[-98.79951,18.8015],[-98.79946,18.79835],[-98.80169,18.79699],[-98.80189,18.79607],[-98.80102,18.79522],[-98.80211,18.79521],[-98.80154,18.79451],[-98.8027,18.79423],[-98.8031,18.79287],[-98.80412,18.79206],[-98.80369,18.7912]]]}},{"type":"Feature","properties":{"municipio":"Temoac","cve_geo":17033},"geometry":{"type":"Polygon","coordinates":[[[-98.74741,18.75841],[-98.74642,18.75741],[-98.74724,18.75688],[-98.74695,18.75636],[-98.74883,18.75543],[-98.74857,18.75423],[-98.74783,18.75416],[-98.74892,18.75164],[-98.74861,18.75042],[-98.74766,18.7508],[-98.74671,18.75036],[-98.75415,18.74211],[-98.75409,18.74122],[-98.75642,18.73849],[-98.75713,18.73526],[-98.75845,18.73425],[-98.75821,18.73199],[-98.75911,18.73085],[-98.75871,18.73055],[-98.75998,18.7289],[-98.76105,18.72869],[-98.76798,18.73131],[-98.76883,18.73092],[-98.76888,18.73168],[-98.7728,18.73293],[-98.77329,18.73117],[-98.77477,18.73107],[-98.77429,18.73361],[-98.77944,18.73538],[-98.77747,18.7435],[-98.78084,18.74136],[-98.78249,18.7362],[-98.78889,18.738],[-98.78791,18.74109],[-98.78863,18.7413],[-98.79453,18.74203],[-98.79642,18.74098],[-98.79626,18.73963],[-98.79672,18.73946],[-98.81017,18.7438],[-98.81153,18.74293],[-98.81206,18.74397],[-98.81513,18.74549],[-98.81571,18.74487],[-98.82121,18.74666],[-98.82277,18.74575],[-98.83759,18.75229],[-98.8358,18.76282],[-98.83668,18.765],[-98.83481,18.76494],[-98.83236,18.76359],[-98.83192,18.76607],[-98.82905,18.76603],[-98.82767,18.76643],[-98.82667,18.76758],[-98.82374,18.76809],[-98.82258,18.77089],[-98.82028,18.77386],[-98.8203,18.77529],[-98.81908,18.77642],[-98.81892,18.77786],[-98.81726,18.779],[-98.8169,18.78042],[-98.81221,18.78457],[-98.80487,18.78889],[-98.80369,18.7912],[-98.80124,18.79049],[-98.79565,18.7874],[-98.7946,18.78798],[-98.79305,18.78676],[-98.79244,18.78711],[-98.79216,18.78643],[-98.79141,18.7866],[-98.78898,18.78453],[-98.78857,18.78514],[-98.78789,18.78483],[-98.78564,18.78298],[-98.78462,18.78334],[-98.78145,18.78141],[-98.78263,18.78005],[-98.78209,18.77951],[-98.78138,18.78137],[-98.78026,18.78069],[-98.7791,18.78108],[-98.77474,18.77814],[-98.77573,18.77695],[-98.76908,18.77513],[-98.76961,18.77239],[-98.76797,18.77274],[-98.76794,18.77204],[-98.76807,18.77395],[-98.76793,18.77447],[-98.76734,18.77427],[-98.76705,18.77178],[-98.76486,18.77055],[-98.76373,18.76887],[-98.76312,18.76902],[-98.76343,18.76696],[-98.75763,18.76462],[-98.75604,18.76486],[-98.74919,18.76275],[-98.74888,18.76184],[-98.74816,18.76202],[-98.74825,18.76017],[-98.74741,18.75841]]]}},{"type":"Feature","properties":{"municipio":"Coatetelco","cve_geo":17034},"geometry":{"type":"Polygon","coordinates":[[[-99.28671,18.78116],[-99.28052,18.77162],[-99.27655,18.76296],[-99.2768,18.75789],[-99.29222,18.75485],[-99.29797,18.73936],[-99.28111,18.73687],[-99.28093,18.73289],[-99.27982,18.72875],[-99.27991,18.7252],[-99.28044,18.71587],[-99.28245,18.70972],[-99.28532,18.70553],[-99.29062,18.70016],[-99.2953,18.69851],[-99.29998,18.69496],[-99.31186,18.69003],[-99.31629,18.68896],[-99.33343,18.68824],[-99.3327,18.69708],[-99.33129,18.69881],[-99.3301,18.70266],[-99.32808,18.71577],[-99.33681,18.72248],[-99.33803,18.72189],[-99.33789,18.72387],[-99.35622,18.73941],[-99.35778,18.74595],[-99.35429,18.7484],[-99.35046,18.75566],[-99.34861,18.75522],[-99.3463,18.75152],[-99.34402,18.74947],[-99.33734,18.75887],[-99.33441,18.76117],[-99.33323,18.76457],[-99.33004,18.76542],[-99.32947,18.76429],[-99.32742,18.76391],[-99.3232,18.76143],[-99.3157,18.76215],[-99.31522,18.7636],[-99.31282,18.76645],[-99.31118,18.76707],[-99.31252,18.76958],[-99.3127,18.77126],[-99.31481,18.77339],[-99.31473,18.77431],[-99.31233,18.77402],[-99.30802,18.77624],[-99.30738,18.77734],[-99.3019,18.77886],[-99.30083,18.78063],[-99.29266,18.78524],[-99.28671,18.78116]]]}},{"type":"Feature","properties":{"municipio":"Xoxocotla","cve_geo":17035},"geometry":{"type":"Polygon","coordinates":[[[-99.23114,18.63163],[-99.23015,18.63505],[-99.24551,18.63513],[-99.25278,18.63798],[-99.2666,18.6418],[-99.26305,18.64688],[-99.2565,18.64567],[-99.25831,18.64653],[-99.26289,18.6471],[-99.26045,18.6509],[-99.26094,18.66177],[-99.26941,18.65791],[-99.27121,18.65663],[-99.27207,18.65472],[-99.27329,18.65443],[-99.27604,18.65495],[-99.28586,18.65981],[-99.29168,18.65958],[-99.29062,18.67115],[-99.27753,18.70405],[-99.28237,18.70494],[-99.28488,18.70613],[-99.28245,18.70972],[-99.28063,18.71505],[-99.27999,18.72436],[-99.24862,18.71727],[-99.24593,18.71705],[-99.24114,18.71789],[-99.22449,18.7163],[-99.2248,18.71535],[-99.22183,18.71204],[-99.19365,18.71569],[-99.1965,18.70736],[-99.19797,18.70073],[-99.19958,18.68979],[-99.19943,18.68382],[-99.21852,18.68543],[-99.2173,18.67626],[-99.21826,18.67596],[-99.21928,18.67657],[-99.22733,18.67241],[-99.22782,18.66957],[-99.22718,18.66621],[-99.22453,18.66007],[-99.22467,18.65466],[-99.22757,18.64998],[-99.22609,18.64225],[-99.22642,18.63774],[-99.2301,18.63385],[-99.23114,18.63163]]]}},{"type":"Feature","properties":{"municipio":"Hueyapan","cve_geo":17036},"geometry":{"type":"Polygon","coordinates":[[[-98.66261,18.89837],[-98.66162,18.89829],[-98.66143,18.89757],[-98.66422,18.89569],[-98.66431,18.89289],[-98.66582,18.89197],[-98.66739,18.88843],[-98.66551,18.88763],[-98.66828,18.88517],[-98.6701,18.88548],[-98.6724,18.88457],[-98.67184,18.88142],[-98.67217,18.87929],[-98.67404,18.87823],[-98.67479,18.87885],[-98.67793,18.8784],[-98.68182,18.87607],[-98.68162,18.87561],[-98.68052,18.87634],[-98.67921,18.87607],[-98.68408,18.86296],[-98.68627,18.86097],[-98.68693,18.85767],[-98.70099,18.86186],[-98.70432,18.85421],[-98.71184,18.84698],[-98.71538,18.8423],[-98.71782,18.83351],[-98.71895,18.8329],[-98.71916,18.82797],[-98.72266,18.82061],[-98.7241,18.82084],[-98.72199,18.83874],[-98.7176,18.8656],[-98.71457,18.86637],[-98.71262,18.86811],[-98.71108,18.86805],[-98.70792,18.8724],[-98.70447,18.87243],[-98.70245,18.8753],[-98.69793,18.87688],[-98.69749,18.87802],[-98.70226,18.88197],[-98.70269,18.89139],[-98.70062,18.89251],[-98.70031,18.8937],[-98.69877,18.89464],[-98.69695,18.89515],[-98.69414,18.89487],[-98.6921,18.89666],[-98.68807,18.89845],[-98.68215,18.9048],[-98.68139,18.90715],[-98.6729,18.9094],[-98.66591,18.90608],[-98.6651,18.90466],[-98.66485,18.90017],[-98.66261,18.89837]]]}}]}